source_file	organism_name
mammalian.txt	Ornithorhynchus anatinus
mammalian.txt	Tachyglossus aculeatus
mammalian.txt	Sminthopsis crassicaudata
mammalian.txt	Sarcophilus harrisii
mammalian.txt	Notamacropus eugenii
mammalian.txt	Trichosurus vulpecula
mammalian.txt	Dasypus novemcinctus
mammalian.txt	Erinaceus europaeus
mammalian.txt	Echinops telfairi
mammalian.txt	Pteropus alecto
mammalian.txt	Rousettus aegyptiacus
mammalian.txt	Artibeus jamaicensis
mammalian.txt	Phyllostomus hastatus
mammalian.txt	Desmodus rotundus
mammalian.txt	Lemur catta
mammalian.txt	Nycticebus coucang
mammalian.txt	Callithrix jacchus
mammalian.txt	Sapajus apella
mammalian.txt	Cercocebus atys
mammalian.txt	Macaca fascicularis
mammalian.txt	Macaca mulatta
mammalian.txt	Macaca nemestrina
mammalian.txt	Papio anubis
mammalian.txt	Theropithecus gelada
mammalian.txt	Mandrillus leucophaeus
mammalian.txt	Symphalangus syndactylus
mammalian.txt	Gorilla gorilla gorilla
mammalian.txt	Pan paniscus
mammalian.txt	Pan troglodytes
mammalian.txt	Pongo pygmaeus
mammalian.txt	Pongo abelii
mammalian.txt	Homo sapiens
mammalian.txt	Homo sapiens
mammalian.txt	Canis lupus familiaris
mammalian.txt	Canis lupus familiaris
mammalian.txt	Canis lupus familiaris
mammalian.txt	Vulpes vulpes
mammalian.txt	Ursus americanus
mammalian.txt	Ursus arctos
mammalian.txt	Ailuropoda melanoleuca
mammalian.txt	Lutra lutra
mammalian.txt	Meles meles
mammalian.txt	Mustela lutreola
mammalian.txt	Mustela putorius furo
mammalian.txt	Felis catus
mammalian.txt	Panthera leo
mammalian.txt	Panthera onca
mammalian.txt	Panthera pardus
mammalian.txt	Panthera tigris
mammalian.txt	Puma concolor
mammalian.txt	Zalophus californianus
mammalian.txt	Odobenus rosmarus divergens
mammalian.txt	Halichoerus grypus
mammalian.txt	Leptonychotes weddellii
mammalian.txt	Mirounga leonina
mammalian.txt	Mirounga angustirostris
mammalian.txt	Phoca vitulina
mammalian.txt	Delphinus delphis
mammalian.txt	Globicephala melas
mammalian.txt	Orcinus orca
mammalian.txt	Tursiops truncatus
mammalian.txt	Phocoena phocoena
mammalian.txt	Delphinapterus leucas
mammalian.txt	Physeter macrocephalus
mammalian.txt	Eschrichtius robustus
mammalian.txt	Balaenoptera acutorostrata
mammalian.txt	Balaenoptera musculus
mammalian.txt	Loxodonta africana
mammalian.txt	Equus asinus
mammalian.txt	Equus caballus
mammalian.txt	Equus przewalskii
mammalian.txt	Sus scrofa
mammalian.txt	Camelus bactrianus
mammalian.txt	Camelus dromedarius
mammalian.txt	Cervus elaphus
mammalian.txt	Odocoileus virginianus
mammalian.txt	Muntiacus reevesi
mammalian.txt	Bos javanicus
mammalian.txt	Bos taurus
mammalian.txt	Bos indicus
mammalian.txt	Capra hircus
mammalian.txt	Ovis aries
mammalian.txt	Manis javanica
mammalian.txt	Ochotona princeps
mammalian.txt	Lepus europaeus
mammalian.txt	Oryctolagus cuniculus
mammalian.txt	Marmota marmota marmota
mammalian.txt	Marmota monax
mammalian.txt	Urocitellus parryii
mammalian.txt	Dipodomys ordii
mammalian.txt	Cricetulus griseus
mammalian.txt	Cricetulus griseus
mammalian.txt	Mesocricetus auratus
mammalian.txt	Peromyscus leucopus
mammalian.txt	Meriones unguiculatus
mammalian.txt	Microtus pennsylvanicus
mammalian.txt	Mus caroli
mammalian.txt	Mus musculus
mammalian.txt	Mus pahari
mammalian.txt	Rattus norvegicus
mammalian.txt	Rattus rattus
mammalian.txt	Apodemus sylvaticus
mammalian.txt	Cavia porcellus
mammalian.txt	Octodon degus
mammalian.txt	Heterocephalus glaber
mammalian.txt	Monodelphis domestica
mammalian.txt	Eubalaena glacialis
mammalian.txt	Lagenorhynchus albirostris
mammalian.txt	Kogia breviceps
mammalian.txt	Molossus molossus
mammalian.txt	Choloepus didactylus
mammalian.txt	Saimiri boliviensis
mammalian.txt	Elephantulus edwardii
mammalian.txt	Panthera uncia
mammalian.txt	Ursus maritimus
mammalian.txt	Eptesicus fuscus
mammalian.txt	Neomonachus schauinslandi
mammalian.txt	Vombatus ursinus
mammalian.txt	Bos indicus x Bos taurus
mammalian.txt	Dama dama
mammalian.txt	Vicugna pacos
mammalian.txt	Microcebus murinus
mammalian.txt	Otolemur garnettii
mammalian.txt	Sciurus carolinensis
mammalian.txt	Acinonyx jubatus
mammalian.txt	Dromiciops gliroides
mammalian.txt	Chinchilla lanigera
mammalian.txt	Capricornis sumatraensis
mammalian.txt	Nyctereutes procyonoides
mammalian.txt	Callorhinus ursinus
mammalian.txt	Eumetopias jubatus
mammalian.txt	Mastomys coucha
mammalian.txt	Mustela erminea
mammalian.txt	Prionailurus bengalensis
mammalian.txt	Suricata suricatta
mammalian.txt	Ovis canadensis
mammalian.txt	Budorcas taxicolor
mammalian.txt	Aotus nancymaae
mammalian.txt	Phascolarctos cinereus
mammalian.txt	Onychomys torridus
mammalian.txt	Antechinus flavipes
mammalian.txt	Monodon monoceros
mammalian.txt	Phacochoerus africanus
mammalian.txt	Phocoena sinus
mammalian.txt	Sorex araneus
mammalian.txt	Peromyscus eremicus
mammalian.txt	Ictidomys tridecemlineatus
mammalian.txt	Bison bison bison
mammalian.txt	Leopardus geoffroyi
mammalian.txt	Psammomys obesus
mammalian.txt	Mesoplodon densirostris
mammalian.txt	Tamandua tetradactyla
mammalian.txt	Talpa occidentalis
mammalian.txt	Myotis myotis
mammalian.txt	Jaculus jaculus
mammalian.txt	Castor canadensis
mammalian.txt	Trachypithecus francoisi
mammalian.txt	Myotis lucifugus
mammalian.txt	Pipistrellus kuhlii
mammalian.txt	Rhinolophus ferrumequinum
mammalian.txt	Saccopteryx bilineata
mammalian.txt	Oryx dammah
mammalian.txt	Chlorocebus sabaeus
mammalian.txt	Acomys russatus
mammalian.txt	Arvicanthis niloticus
mammalian.txt	Lynx canadensis
mammalian.txt	Lynx rufus
mammalian.txt	Prionailurus viverrinus
mammalian.txt	Neofelis nebulosa
mammalian.txt	Rhinopithecus bieti
mammalian.txt	Rhinopithecus roxellana
mammalian.txt	Nomascus leucogenys
mammalian.txt	Sorex fumeus
mammalian.txt	Moschus berezovskii
mammalian.txt	Bos mutus
mammalian.txt	Ceratotherium simum simum
mammalian.txt	Lontra canadensis
mammalian.txt	Callospermophilus lateralis
mammalian.txt	Mustela nigripes
mammalian.txt	Diceros bicornis minor
mammalian.txt	Microtus ochrogaster
mammalian.txt	Hylobates moloch
mammalian.txt	Pseudorca crassidens
mammalian.txt	Equus quagga
mammalian.txt	Rhinolophus sinicus
mammalian.txt	Bubalus bubalis
mammalian.txt	Phyllostomus discolor
mammalian.txt	Macrotis lagotis
mammalian.txt	Marmota flaviventris
mammalian.txt	Dipodomys merriami
mammalian.txt	Tenrec ecaudatus
mammalian.txt	Hyaena hyaena
mammalian.txt	Myotis daubentonii
mammalian.txt	Elephas maximus indicus
mammalian.txt	Alexandromys fortis
mammalian.txt	Dipodomys spectabilis
mammalian.txt	Suncus etruscus
mammalian.txt	Myotis brandtii
mammalian.txt	Phodopus roborovskii
mammalian.txt	Cynocephalus volans
mammalian.txt	Microtus oregoni
mammalian.txt	Lipotes vexillifer
mammalian.txt	Trichechus manatus latirostris
mammalian.txt	Ochotona curzoniae
mammalian.txt	Pteropus vampyrus
mammalian.txt	Pteropus vampyrus
mammalian.txt	Canis lupus baileyi
mammalian.txt	Manis pentadactyla
mammalian.txt	Condylura cristata
mammalian.txt	Myotis yumanensis
mammalian.txt	Chrysochloris asiatica
mammalian.txt	Hipposideros armiger
mammalian.txt	Gracilinanus agilis
mammalian.txt	Sturnira hondurensis
mammalian.txt	Perognathus longimembris pacificus
mammalian.txt	Myotis davidii
mammalian.txt	Peromyscus maniculatus bairdii
mammalian.txt	Tupaia chinensis
mammalian.txt	Saccopteryx leptura
mammalian.txt	Macaca thibetana thibetana
mammalian.txt	Chionomys nivalis
mammalian.txt	Canis lupus dingo
mammalian.txt	Miniopterus natalensis
mammalian.txt	Colobus angolensis palliatus
mammalian.txt	Propithecus coquereli
mammalian.txt	Enhydra lutris kenyoni
mammalian.txt	Camelus ferus
mammalian.txt	Myodes glareolus
mammalian.txt	Neogale vison
mammalian.txt	Galeopterus variegatus
mammalian.txt	Grammomys surdaster
mammalian.txt	Vulpes lagopus
mammalian.txt	Peromyscus californicus insignis
mammalian.txt	Hippopotamus amphibius kiboko
mammalian.txt	Piliocolobus tephrosceles
mammalian.txt	Eulemur rufifrons
mammalian.txt	Fukomys damarensis
mammalian.txt	Nannospalax galili
mammalian.txt	Arvicola amphibius
mammalian.txt	Orycteropus afer afer
mammalian.txt	Cervus canadensis
mammalian.txt	Herpailurus yagouaroundi
mammalian.txt	Neophocaena asiaeorientalis asiaeorientalis
mammalian.txt	Carlito syrichta
mammalian.txt	Pteronotus mesoamericanus
mammalian.txt	Cebus imitator
mammalian.txt	Balaenoptera ricei
mammalian.txt	Petaurus breviceps papuanus
mammalian.txt	Bubalus kerabau
mammalian.txt	Sagmatias obliquidens
protozoa.txt	Cryptomonas paramaecium
protozoa.txt	Bremia lactucae
protozoa.txt	Plasmopara halstedii
protozoa.txt	Phytophthora cinnamomi
protozoa.txt	Leishmania donovani
protozoa.txt	Leishmania enriettii
protozoa.txt	Leishmania panamensis
protozoa.txt	Trypanosoma cruzi
protozoa.txt	Trypanosoma equiperdum
protozoa.txt	Trypanosoma rangeli
protozoa.txt	Giardia duodenalis
protozoa.txt	Naegleria gruberi
protozoa.txt	Naegleria fowleri
protozoa.txt	Dictyostelium purpureum
protozoa.txt	Eimeria acervulina
protozoa.txt	Eimeria tenella
protozoa.txt	Eimeria maxima
protozoa.txt	Plasmodium berghei ANKA
protozoa.txt	Plasmodium brasilianum
protozoa.txt	Plasmodium gallinaceum
protozoa.txt	Plasmodium knowlesi strain H
protozoa.txt	Plasmodium reichenowi
protozoa.txt	Plasmodium vivax
protozoa.txt	Plasmodium fragile
protozoa.txt	Plasmodium malariae
protozoa.txt	Plasmodium yoelii
protozoa.txt	Babesia bigemina
protozoa.txt	Babesia caballi
protozoa.txt	Theileria annulata
protozoa.txt	Paramecium tetraurelia
protozoa.txt	Ichthyophthirius multifiliis
protozoa.txt	Blastocystis hominis
protozoa.txt	Plasmodium chabaudi chabaudi
protozoa.txt	Plasmodium falciparum 3D7
protozoa.txt	Aureococcus anophagefferens
protozoa.txt	Eimeria mitis
protozoa.txt	Eimeria necatrix
protozoa.txt	Naegleria lovaniensis
protozoa.txt	Plasmodium vinckei vinckei
protozoa.txt	Guillardia theta
protozoa.txt	Trypanosoma theileri
protozoa.txt	Phytophthora sojae
protozoa.txt	Trypanosoma grayi
protozoa.txt	Plasmodium gonderi
protozoa.txt	Trypanosoma conorhini
protozoa.txt	Plasmodium relictum
protozoa.txt	Cyclospora cayetanensis
protozoa.txt	Besnoitia besnoiti
protozoa.txt	Gregarina niphandrodes
protozoa.txt	Aphanomyces astaci
protozoa.txt	Cryptosporidium andersoni
protozoa.txt	Histomonas meleagridis
protozoa.txt	Aphanomyces invadans
protozoa.txt	Leptomonas pyrrhocoris
protozoa.txt	Phytophthora ramorum
protozoa.txt	Trypanosoma brucei brucei TREU927
protozoa.txt	Babesia ovata
protozoa.txt	Plasmodium coatneyi
protozoa.txt	Bigelowiella natans
protozoa.txt	Cavenderia fasciculata
protozoa.txt	Emiliania huxleyi CCMP1516
protozoa.txt	Entamoeba histolytica HM-1:IMSS
protozoa.txt	Thalassiosira pseudonana CCMP1335
protozoa.txt	Cryptosporidium bovis
protozoa.txt	Tetrahymena thermophila SB210
protozoa.txt	Babesia duncani
protozoa.txt	Theileria parva strain Muguga
protozoa.txt	Leishmania major strain Friedlin
protozoa.txt	Spironucleus salmonicida
protozoa.txt	Dictyostelium discoideum AX4
protozoa.txt	Cryptosporidium hominis TU502
protozoa.txt	Cryptosporidium parvum Iowa II
protozoa.txt	Entamoeba dispar SAW760
protozoa.txt	Entamoeba invadens IP1
protozoa.txt	Phytophthora infestans T30-4
protozoa.txt	Paramecium tetraurelia strain d4-2
protozoa.txt	Trichomonas vaginalis G3
protozoa.txt	Leishmania braziliensis MHOM/BR/75/M2904
protozoa.txt	Perkinsus marinus ATCC 50983
protozoa.txt	Leishmania infantum JPCM5
protozoa.txt	Cryptosporidium muris RN66
protozoa.txt	Thecamonas trahens ATCC 50062
protozoa.txt	Babesia sp. Xinjiang
protozoa.txt	Hemiselmis andersenii
protozoa.txt	Cystoisospora suis
protozoa.txt	Babesia bovis T2Bo
protozoa.txt	Toxoplasma gondii ME49
protozoa.txt	Cryptosporidium ryanae
protozoa.txt	Phaeodactylum tricornutum CCAP 1055/1
protozoa.txt	Neospora caninum Liverpool
protozoa.txt	Plasmodium gaboni
protozoa.txt	Heterostelium album PN500
protozoa.txt	Trypanosoma brucei gambiense DAL972
protozoa.txt	Saprolegnia parasitica CBS 223.65
protozoa.txt	Trypanosoma melophagium
protozoa.txt	Phytophthora nicotianae INRA-310
protozoa.txt	Cryptosporidium ubiquitum
protozoa.txt	Theileria orientalis strain Shintoku
protozoa.txt	Plasmodium sp. gorilla clade G2
protozoa.txt	Guillardia theta CCMP2712
protozoa.txt	Leishmania mexicana MHOM/GT/2001/U1103
protozoa.txt	Blastocystis sp. subtype 4
protozoa.txt	Entamoeba nuttalli P19
protozoa.txt	Nannochloropsis gaditana CCMP526
protozoa.txt	Plasmodium cynomolgi strain B
protozoa.txt	Babesia microti strain RI
protozoa.txt	Tritrichomonas foetus
protozoa.txt	Saprolegnia diclina VS20
protozoa.txt	Plasmodium inui San Antonio 1
protozoa.txt	Acanthamoeba castellanii str. Neff
protozoa.txt	Cryptosporidium sp. chipmunk genotype I
protozoa.txt	Acytostelium subglobosum LB1
protozoa.txt	Theileria equi strain WA
protozoa.txt	Leishmania martiniquensis
protozoa.txt	Monocercomonoides exilis
protozoa.txt	Leishmania orientalis
protozoa.txt	Porcisia hertigi
protozoa.txt	Leishmania sp. Namibia
protozoa.txt	Leishmania sp. Ghana 2012 LV757
protozoa.txt	Porospora cf. gigantea B
protozoa.txt	Porospora cf. gigantea A
fungi.txt	Rhizomucor pusillus
fungi.txt	Schizosaccharomyces pombe
fungi.txt	Pichia kudriavzevii
fungi.txt	Torulaspora delbrueckii
fungi.txt	Yarrowia lipolytica
fungi.txt	Zygosaccharomyces rouxii
fungi.txt	Dioszegia hungarica
fungi.txt	Kockovaella imperatae
fungi.txt	Brettanomyces bruxellensis
fungi.txt	Bipolaris maydis
fungi.txt	Plenodomus lingam
fungi.txt	Aspergillus flavus
fungi.txt	Aspergillus niger
fungi.txt	Aspergillus tubingensis
fungi.txt	Penicillium brevicompactum
fungi.txt	Penicillium chrysogenum
fungi.txt	Penicillium citrinum
fungi.txt	Penicillium griseofulvum
fungi.txt	Penicillium roqueforti
fungi.txt	Penicillium canescens
fungi.txt	Thermoascus crustaceus
fungi.txt	Sordaria macrospora
fungi.txt	Filobasidium floriforme
fungi.txt	Mycosarcoma maydis
fungi.txt	Pleurotus ostreatus
fungi.txt	Lentinula edodes
fungi.txt	Ascochyta rabiei
fungi.txt	Colletotrichum truncatum
fungi.txt	Nakaseomyces glabratus
fungi.txt	Candida parapsilosis
fungi.txt	Diutina rugosa
fungi.txt	Fulvia fulva
fungi.txt	Thermomyces lanuginosus
fungi.txt	Alternaria alternata
fungi.txt	Vairimorpha necatrix
fungi.txt	Brettanomyces nanus
fungi.txt	Naumovozyma castellii
fungi.txt	Saccharomyces paradoxus
fungi.txt	Penicillium expansum
fungi.txt	Colletotrichum acutatum
fungi.txt	Priceomyces carsonii
fungi.txt	Thermomyces dupontii
fungi.txt	Kluyveromyces lactis
fungi.txt	Penicillium vulpinum
fungi.txt	Mrakia frigida
fungi.txt	Mucor mucedo
fungi.txt	Purpureocillium lilacinum
fungi.txt	Colletotrichum destructivum
fungi.txt	Rhodofomes roseus
fungi.txt	Saccharomycodes ludwigii
fungi.txt	Fusarium poae
fungi.txt	Penicillium coprophilum
fungi.txt	Penicillium digitatum
fungi.txt	Penicillium crustosum
fungi.txt	Clavispora lusitaniae
fungi.txt	Lodderomyces elongisporus
fungi.txt	Talaromyces marneffei
fungi.txt	Tuber melanosporum
fungi.txt	Vairimorpha ceranae
fungi.txt	Penicillium hordei
fungi.txt	Aspergillus thermomutatus
fungi.txt	Aspergillus candidus
fungi.txt	Aspergillus multicolor
fungi.txt	Zygotorulaspora mrakii
fungi.txt	Fusarium subglutinans
fungi.txt	Tricharina praecox
fungi.txt	Saccharomycopsis crataegensis
fungi.txt	Dipodascopsis tothii
fungi.txt	Lasiodiplodia theobromae
fungi.txt	Pyrenophora tritici-repentis
fungi.txt	Eremothecium sinecaudum
fungi.txt	Alternaria infectoria
fungi.txt	Candidozyma haemuli
fungi.txt	Scheffersomyces spartinae
fungi.txt	Wickerhamiella sorbophila
fungi.txt	Lipomyces oligophaga
fungi.txt	Alternaria dauci
fungi.txt	Torulaspora globosa
fungi.txt	Suillus bovinus
fungi.txt	Suillus paluster
fungi.txt	Suillus subalutaceus
fungi.txt	Suillus subaureus
fungi.txt	Fusarium redolens
fungi.txt	Cadophora gregata
fungi.txt	Lipomyces tetrasporus
fungi.txt	Myxozyma melibiosi
fungi.txt	Lipomyces arxii
fungi.txt	Fusarium venenatum
fungi.txt	Lipomyces japonicus
fungi.txt	Debaryomyces fabryi
fungi.txt	Trichoderma citrinoviride
fungi.txt	Tilletiopsis washingtonensis
fungi.txt	Penicillium verrucosum
fungi.txt	Penicillium solitum
fungi.txt	Maudiozyma barnettii
fungi.txt	Linderina pennispora
fungi.txt	Kickxella alabastrina
fungi.txt	Aspergillus caelatus
fungi.txt	Hypoxylon fragiforme
fungi.txt	Trichoderma atroviride
fungi.txt	Penicillium chermesinum
fungi.txt	Penicillium daleae
fungi.txt	Lobosporangium transversale
fungi.txt	Radiomyces spectabilis
fungi.txt	Mycotypha africana
fungi.txt	Zychaea mexicana
fungi.txt	Trichoderma ghanense
fungi.txt	Penicillium oxalicum
fungi.txt	Penicillium soppii
fungi.txt	Penicillium waksmanii
fungi.txt	Penicillium cinerascens
fungi.txt	Remersonia thermophila
fungi.txt	Arthroderma uncinatum
fungi.txt	Aspergillus viridinutans
fungi.txt	Malassezia restricta
fungi.txt	Malassezia pachydermatis
fungi.txt	Diaporthe citri
fungi.txt	Cercospora kikuchii
fungi.txt	Moesziomyces antarcticus
fungi.txt	Mycothermus thermophilus
fungi.txt	Rhodotorula paludigena
fungi.txt	Botrytis porri
fungi.txt	Rasamsonia byssochlamydoides
fungi.txt	Cokeromyces recurvatus
fungi.txt	Aspergillus udagawae
fungi.txt	Exophiala spinifera
fungi.txt	Metarhizium acridum
fungi.txt	Penicillium lagena
fungi.txt	Neurospora tetraspora
fungi.txt	Arthrobotrys flagrans
fungi.txt	Drechmeria coniospora
fungi.txt	Gilbertella persicaria
fungi.txt	Gamsiella multidivaricata
fungi.txt	Halteromyces radiatus
fungi.txt	Trichoderma asperellum
fungi.txt	Daldinia loculata
fungi.txt	Apiotrichum porosum
fungi.txt	Aspergillus bombycis
fungi.txt	Polychytrium aggregatum
fungi.txt	Hirsutella rhossiliensis
fungi.txt	Letharia columbiana
fungi.txt	Ramularia collo-cygni
fungi.txt	Daldinia vernicosa
fungi.txt	Suillus plorans
fungi.txt	Penicillium angulare
fungi.txt	Alternaria atra
fungi.txt	Ustilago hordei
fungi.txt	Phyllosticta capitalensis
fungi.txt	Talaromyces rugulosus
fungi.txt	Cercospora beticola
fungi.txt	Penicillium bovifimosum
fungi.txt	Aspergillus pseudotamarii
fungi.txt	Aspergillus melleus
fungi.txt	Fomitopsis serialis
fungi.txt	Botrytis byssoidea
fungi.txt	Sparassis crispa
fungi.txt	Vanrija pseudolonga
fungi.txt	Colletotrichum lupini
fungi.txt	Pyricularia grisea
fungi.txt	Mollisia scopiformis
fungi.txt	Truncatella angustata
fungi.txt	Alternaria arborescens
fungi.txt	Puccinia striiformis f. sp. tritici
fungi.txt	Penicillium taxi
fungi.txt	Fusarium solani
fungi.txt	Trichoderma aggressivum f. europaeum
fungi.txt	Aspergillus ambiguus
fungi.txt	Aspergillus lucknowensis
fungi.txt	Penicillium paradoxum
fungi.txt	Aspergillus pseudodeflectus
fungi.txt	Alternaria ethzedia
fungi.txt	Alternaria conjuncta
fungi.txt	Marasmius oreades
fungi.txt	Vanrija albida
fungi.txt	Psilocybe cubensis
fungi.txt	Aspergillus chevalieri
fungi.txt	Sporobolomyces salmoneus
fungi.txt	Penicillium canariense
fungi.txt	Fusarium mangiferae
fungi.txt	Fusarium falciforme
fungi.txt	Penicillium manginii
fungi.txt	Puccinia triticina
fungi.txt	Aspergillus alliaceus
fungi.txt	Aspergillus foveolatus
fungi.txt	Exophiala mesophila
fungi.txt	Cryptococcus deneoformans JEC21
fungi.txt	Exophiala oligosperma
fungi.txt	Acaromyces ingoldii
fungi.txt	Malassezia japonica
fungi.txt	Saccharomyces mikatae IFO 1815
fungi.txt	Saccharomyces kudriavzevii IFO 1802
fungi.txt	Aspergillus nidulans FGSC A4
fungi.txt	Fusarium graminearum PH-1
fungi.txt	Fusarium coffeatum
fungi.txt	Alternaria arbusti
fungi.txt	Cryptococcus neoformans H99
fungi.txt	Diplodia corticola
fungi.txt	Candida albicans SC5314
fungi.txt	Coprinopsis cinerea okayama7
fungi.txt	Pyricularia oryzae 70-15
fungi.txt	Neohortaea acidophila
fungi.txt	Rhizopus delemar RA 99-880
fungi.txt	Coccidioides immitis RS
fungi.txt	Verruconis gallopava
fungi.txt	Fonsecaea monophora
fungi.txt	Paecilomyces variotii
fungi.txt	Penicillium mononematosum
fungi.txt	Nakaseomyces bracarensis
fungi.txt	Candida metapsilosis
fungi.txt	Arxiozyma heterogenica
fungi.txt	Cutaneotrichosporon cavernicola
fungi.txt	Sporisorium graminicola
fungi.txt	Alternaria metachromatica
fungi.txt	Cryptococcus deneoformans B-3501A
fungi.txt	Debaryomyces hansenii CBS767
fungi.txt	Eremothecium gossypii ATCC 10895
fungi.txt	Encephalitozoon cuniculi GB-M1
fungi.txt	Australozyma saopauloensis
fungi.txt	Penicillium concentricum
fungi.txt	Aspergillus lentulus
fungi.txt	Meyerozyma guilliermondii ATCC 6260
fungi.txt	Candida tropicalis MYA-3404
fungi.txt	Cryptococcus deuterogattii R265
fungi.txt	Alternaria triticimaculans
fungi.txt	Macroventuria anomochaeta
fungi.txt	Penicillium macrosclerotiorum
fungi.txt	Chaetomium globosum CBS 148.51
fungi.txt	Westerdykella ornata
fungi.txt	Parastagonospora nodorum SN15
fungi.txt	Scheffersomyces stipitis CBS 6054
fungi.txt	Daldinia caldariorum
fungi.txt	Daldinia childiae
fungi.txt	Daldinia decipiens
fungi.txt	Hypoxylon trugodes
fungi.txt	Xylaria bambusicola
fungi.txt	Annulohypoxylon truncatum
fungi.txt	Aspergillus fumigatus Af293
fungi.txt	Aspergillus fischeri NRRL 181
fungi.txt	Botrytis cinerea B05.10
fungi.txt	Fusarium verticillioides 7600
fungi.txt	Apiospora aurea
fungi.txt	Apiospora marii
fungi.txt	Zymoseptoria tritici IPO323
fungi.txt	Uncinocarpus reesii 1704
fungi.txt	Aspergillus terreus NIH2624
fungi.txt	Pseudogymnoascus verrucosus
fungi.txt	Aspergillus clavatus NRRL 1
fungi.txt	Exophiala xenobiotica
fungi.txt	Colletotrichum phormii
fungi.txt	Neurospora crassa OR74A
fungi.txt	Cryptococcus gattii WM276
fungi.txt	Epithele typhae
fungi.txt	Lipomyces doorenjongii
fungi.txt	Pseudocercospora fijiensis CIRAD86
fungi.txt	Trematosphaeria pertusa
fungi.txt	Trichoderma gamsii
fungi.txt	Schizosaccharomyces japonicus yFS275
fungi.txt	Trichoderma virens Gv29-8
fungi.txt	Penicillium antarcticum
fungi.txt	Puccinia graminis f. sp. tritici CRL 75-36-700-3
fungi.txt	Candidozyma pseudohaemuli
fungi.txt	Durotheca rogersii
fungi.txt	Diplodia seriata
fungi.txt	Malassezia globosa CBS 7966
fungi.txt	Fusarium oxysporum f. sp. lycopersici 4287
fungi.txt	Alternaria novae-zelandiae
fungi.txt	Trichoderma reesei QM6a
fungi.txt	Vanderwaltozyma polyspora DSM 70294
fungi.txt	Talaromyces stipitatus ATCC 10500
fungi.txt	Coccidioides posadasii str. Silveira
fungi.txt	Histoplasma capsulatum G186AR
fungi.txt	Rhizoctonia solani
fungi.txt	Ogataea polymorpha
fungi.txt	Pseudovirgaria hyperparasitica
fungi.txt	Colletotrichum gloeosporioides
fungi.txt	Schizosaccharomyces octosporus yFS286
fungi.txt	Laccaria bicolor S238N-H82
fungi.txt	Candida oxycetoniae
fungi.txt	Candida jiufengensis
fungi.txt	Candida pseudojiufengensis
fungi.txt	Candidozyma auris
fungi.txt	Verticillium dahliae VdLs.17
fungi.txt	Metarhizium brunneum
fungi.txt	Sporobolomyces koalae
fungi.txt	Paracoccidioides lutzii Pb01
fungi.txt	Paracoccidioides brasiliensis Pb18
fungi.txt	Aspergillus oryzae RIB40
fungi.txt	Neurospora tetrasperma FGSC 2508
fungi.txt	Podospora anserina S mat+
fungi.txt	Verticillium alfalfae VaMs.102
fungi.txt	Nannizzia gypsea CBS 118893
fungi.txt	Microsporum canis CBS 113480
fungi.txt	Saccharomyces cerevisiae S288C
fungi.txt	Lachancea thermotolerans CBS 6340
fungi.txt	Blastomyces dermatitidis ER-3
fungi.txt	Blastomyces gilchristii SLH14081
fungi.txt	Trichophyton rubrum CBS 118892
fungi.txt	Letharia lupina
fungi.txt	[Candida] subhashii
fungi.txt	Scedosporium apiospermum
fungi.txt	Kwoniella shivajii
fungi.txt	Alternaria viburni
fungi.txt	Cladophialophora immunda
fungi.txt	Thermothelomyces thermophilus ATCC 42464
fungi.txt	Candida dubliniensis CD36
fungi.txt	Recurvomyces mirabilis
fungi.txt	Mytilinidion resinicola
fungi.txt	Thermothielavioides terrestris NRRL 8126
fungi.txt	Tremella mesenterica DSM 1558
fungi.txt	Serpula lacrymans var. lacrymans S7.9
fungi.txt	Schizophyllum commune H4-8
fungi.txt	Rhodotorula graminis WP1
fungi.txt	Rhizophagus irregularis
fungi.txt	Neurospora hispaniola
fungi.txt	Sodiomyces alcalophilus JCM 7366
fungi.txt	Phyllosticta citriasiana
fungi.txt	Agaricus bisporus var. burnettii JB137-S8
fungi.txt	Fibroporia radiculosa
fungi.txt	Spathaspora passalidarum NRRL Y-27907
fungi.txt	Komagataella phaffii GS115
fungi.txt	Gaeumannomyces tritici R3-111a-1
fungi.txt	Colletotrichum graminicola M1.001
fungi.txt	Spizellomyces punctatus DAOM BR117
fungi.txt	Phanerochaete carnosa HHB-10118-sp
fungi.txt	Schizosaccharomyces cryophilus OY26
fungi.txt	Beauveria bassiana ARSEF 2860
fungi.txt	Metarhizium robertsii ARSEF 23
fungi.txt	Grosmannia clavigera kw1407
fungi.txt	Pseudogymnoascus destructans
fungi.txt	Fusarium oxysporum Fo47
fungi.txt	Fusarium vanettenii 77-13-4
fungi.txt	Cryphonectria parasitica EP155
fungi.txt	Trichophyton verrucosum HKI 0517
fungi.txt	Trichophyton benhamiae CBS 112371
fungi.txt	Sclerotinia sclerotiorum 1980 UF-70
fungi.txt	Bipolaris sorokiniana ND90Pr
fungi.txt	Gloeophyllum trabeum ATCC 11539
fungi.txt	Postia placenta MAD-698-R-SB12
fungi.txt	Wallemia mellicola CBS 633.66
fungi.txt	Exserohilum turcica Et28A
fungi.txt	Lindgomyces ingoldianus
fungi.txt	Colletotrichum navitas
fungi.txt	Wickerhamomyces anomalus NRRL Y-366-8
fungi.txt	Batrachochytrium dendrobatidis JAM81
fungi.txt	Lichtheimia ornata
fungi.txt	Colletotrichum siamense
fungi.txt	Aspergillus aculeatus ATCC 16872
fungi.txt	Sphaerulina musiva SO2202
fungi.txt	Fomitiporia mediterranea MF3/22
fungi.txt	Drepanopeziza brunnea f. sp. 'multigermtubi'
fungi.txt	Saitoella complicata NRRL Y-17804
fungi.txt	Colletotrichum spaethianum
fungi.txt	Mucor velutinosus
fungi.txt	Colletotrichum fioriniae
fungi.txt	Baudoinia panamericana UAMH 10762
fungi.txt	Trametes versicolor FP-101664 SS1
fungi.txt	Stereum hirsutum FP-91666 SS1
fungi.txt	Dichomitus squalens LYAD-421 SS1
fungi.txt	Punctularia strigosozonata HHB-11173 SS5
fungi.txt	Coniophora puteana RWD-64-598 SS2
fungi.txt	Heterobasidion irregulare TC 32-1
fungi.txt	Melampsora larici-populina 98AG31
fungi.txt	Diaporthe batatas
fungi.txt	Boeremia exigua
fungi.txt	Orbilia oligospora ATCC 24927
fungi.txt	Thermochaetoides thermophila DSM 1495
fungi.txt	Colletotrichum higginsianum IMI 349063
fungi.txt	Pichia membranifaciens NRRL Y-2026
fungi.txt	Phycomyces blakesleeanus NRRL 1555(-)
fungi.txt	Mixia osmundae IAM 14324
fungi.txt	Aspergillus brasiliensis CBS 101740
fungi.txt	Cenococcum geophilum 1.58
fungi.txt	Sugiyamaella lignohabitans
fungi.txt	Fonsecaea nubica
fungi.txt	Guyanagaster necrorhizus
fungi.txt	Amorphotheca resinae ATCC 22711
fungi.txt	Exophiala dermatitidis NIH/UT8656
fungi.txt	Metschnikowia bicuspidata var. bicuspidata NRRL YB-4993
fungi.txt	Ogataea angusta
fungi.txt	Ogataea parapolymorpha DL-1
fungi.txt	Encephalitozoon intestinalis ATCC 50506
fungi.txt	Cutaneotrichosporon oleaginosum
fungi.txt	Nematocida parisii ERTm1
fungi.txt	Encephalitozoon hellem ATCC 50504
fungi.txt	Calcarisporiella thermophila
fungi.txt	Bipolaris zeicola 26-R-13
fungi.txt	Bipolaris oryzae ATCC 44560
fungi.txt	Bipolaris victoriae FI3
fungi.txt	Eremothecium cymbalariae DBVPG
fungi.txt	Agaricus bisporus var. bisporus H97
fungi.txt	Pisolithus orientalis
fungi.txt	Vavraia culicis subsp. floridensis
fungi.txt	Cordyceps militaris CM01
fungi.txt	Trichoderma harzianum CBS 226.95
fungi.txt	Cyberlindnera jadinii NRRL Y-1542
fungi.txt	Hyphopichia burtonii NRRL Y-1933
fungi.txt	Babjeviella inositovora NRRL Y-12698
fungi.txt	Suhomyces tanzawaensis NRRL Y-17324
fungi.txt	Phyllosticta citribraziliensis
fungi.txt	Vittaforma corneae ATCC 50505
fungi.txt	Penicillium psychrosexuale
fungi.txt	Kluyveromyces marxianus DMKU3-1042
fungi.txt	Fusarium pseudograminearum CS3096
fungi.txt	Aspergillus versicolor CBS 583.65
fungi.txt	Aspergillus sydowii CBS 593.65
fungi.txt	Tilletiaria anomala UBC 951
fungi.txt	Wickerhamomyces ciferrii
fungi.txt	Fusarium musae
fungi.txt	Aureobasidium pullulans EXF-150
fungi.txt	Aureobasidium melanogenum CBS 110374
fungi.txt	Aureobasidium namibiae CBS 147.97
fungi.txt	Aureobasidium subglaciale EXF-2481
fungi.txt	Verticillium nonalfalfae
fungi.txt	Cladosporium halotolerans
fungi.txt	Aspergillus luchuensis
fungi.txt	Pneumocystis murina B123
fungi.txt	Aspergillus affinis
fungi.txt	Naumovozyma dairenensis CBS 421
fungi.txt	Henningerozyma blattae CBS 6284
fungi.txt	Tetrapisispora phaffii CBS 4417
fungi.txt	Kazachstania africana CBS 2517
fungi.txt	Huiozyma naganishii CBS 8797
fungi.txt	Aspergillus wentii DTO 134E9
fungi.txt	Penicilliopsis zonata CBS 506.65
fungi.txt	Scheffersomyces amazonensis
fungi.txt	Ilyonectria robusta
fungi.txt	Penicillium hispanicum
fungi.txt	Zasmidium cellare ATCC 36951
fungi.txt	Saccharomyces eubayanus
fungi.txt	Metarhizium album ARSEF 1941
fungi.txt	Cordyceps fumosorosea ARSEF 2679
fungi.txt	Fusarium odoratissimum NRRL 54006
fungi.txt	Phialemonium atrogriseum
fungi.txt	Thyridium curvatum
fungi.txt	Geosmithia morbida
fungi.txt	Colletotrichum karsti
fungi.txt	Hyaloscypha bicolor E
fungi.txt	Penicillium rubens
fungi.txt	Glarea lozoyensis ATCC 20868
fungi.txt	Limtongia smithiae
fungi.txt	Rhodotorula toruloides NP11
fungi.txt	Penicillium cosmopolitanum
fungi.txt	Penicillium argentinense
fungi.txt	Talaromyces proteolyticus
fungi.txt	Penicillium atrosanguineum
fungi.txt	Candida orthopsilosis Co 90-125
fungi.txt	Pseudomassariella vexata
fungi.txt	Thermothelomyces heterothallicus CBS 202.75
fungi.txt	Didymella exigua CBS 183.55
fungi.txt	Madurella fahalii
fungi.txt	Ustilaginoidea virens
fungi.txt	Aspergillus glaucus CBS 516.65
fungi.txt	Penicillium odoratum
fungi.txt	Coniosporium apollinis CBS 100218
fungi.txt	Cucurbitaria berberidis CBS 394.84
fungi.txt	Chaetomium strumarium
fungi.txt	Morchella importuna
fungi.txt	Morchella sextelata
fungi.txt	Aplosporella prunicola CBS 121167
fungi.txt	Encephalitozoon romaleae SJ-2008
fungi.txt	Capronia coronata CBS 617.96
fungi.txt	Capronia epimyces CBS 606.96
fungi.txt	Cladophialophora psammophila CBS 110553
fungi.txt	Cladophialophora yegresii CBS 114405
fungi.txt	Exophiala aquamarina CBS 119918
fungi.txt	Trichosporon asahii var. asahii CBS 2479
fungi.txt	Alternaria burnsii
fungi.txt	Alternaria hordeiaustralica
fungi.txt	Alternaria incomplexa
fungi.txt	Alternaria postmessia
fungi.txt	Alternaria rosae
fungi.txt	Alternaria ventricosa
fungi.txt	Talaromyces amestolkiae
fungi.txt	Candida theae
fungi.txt	Colletotrichum costaricense
fungi.txt	Colletotrichum godetiae
fungi.txt	Colletotrichum orchidophilum
fungi.txt	Colletotrichum scovillei
fungi.txt	Colletotrichum tamarilloi
fungi.txt	Colletotrichum fructicola Nara gc5
fungi.txt	Diaporthe amygdali
fungi.txt	Colletotrichum aenigma
fungi.txt	Aspergillus tanneri
fungi.txt	Aspergillus puulaauensis
fungi.txt	Cyphellophora europaea CBS 101466
fungi.txt	Fusarium proliferatum ET1
fungi.txt	Pestalotiopsis fici W106-1
fungi.txt	Malassezia sympodialis ATCC 42132
fungi.txt	Candidozyma duobushaemuli
fungi.txt	Lachancea lanzarotensis
fungi.txt	Endocarpon pusillum Z07020
fungi.txt	Kwoniella botswanensis
fungi.txt	Pseudozyma flocculosa PF-1
fungi.txt	Cladophialophora carrionii CBS 160.54
fungi.txt	Fusarium fujikuroi IMI 58289
fungi.txt	Meira miltonrushii
fungi.txt	Phaeoacremonium minimum UCRPA7
fungi.txt	Cryptococcus wingfieldii CBS 7118
fungi.txt	Cryptococcus depauperatus CBS 7841
fungi.txt	Cryptococcus amylolentus CBS 6039
fungi.txt	Kwoniella dendrophila CBS 6074
fungi.txt	Kwoniella pini CBS 10737
fungi.txt	Kwoniella bestiolae CBS 10118
fungi.txt	Cryptococcus tetragattii IND107
fungi.txt	Cryptococcus bacillisporus CA1280
fungi.txt	Kwoniella dejecticola CBS 10117
fungi.txt	Kwoniella mangroviensis CBS 8507
fungi.txt	Wallemia ichthyophaga EXF-994
fungi.txt	Scheffersomyces xylosifermentans
fungi.txt	Pseudozyma hubeiensis SY62
fungi.txt	Umbelopsis ramanniana AG
fungi.txt	Sodiomyces alkalinus F11
fungi.txt	Laetiporus sulphureus 93-53
fungi.txt	Dissoconium aciculare CBS 342.82
fungi.txt	Penicillium subrubescens
fungi.txt	Lachnellula hyalina
fungi.txt	Penicillium malachiteum
fungi.txt	Fusarium keratoplasticum
fungi.txt	Lentinus tigrinus ALCF2SS1-7
fungi.txt	Xylona heveae TC161
fungi.txt	Kockiozyma suomiensis
fungi.txt	Apiospora hydei
fungi.txt	Apiospora kogelbergensis
fungi.txt	Rhizopus microsporus ATCC 52813
fungi.txt	Aspergillus welwitschiae
fungi.txt	Penicillium maclennaniae
fungi.txt	Ascoidea rubescens DSM 1968
fungi.txt	Ordospora colligata OC4
fungi.txt	Kalmanozyma brasiliensis GHG001
fungi.txt	Fonsecaea erecta
fungi.txt	Ogataea philodendri
fungi.txt	Pochonia chlamydosporia 170
fungi.txt	Kuraishia capsulata CBS 1993
fungi.txt	Ophidiomyces ophidiicola
fungi.txt	Aspergillus ruber CBS 135680
fungi.txt	Eremomyces bilateralis CBS 781.70
fungi.txt	Dothidotthia symphoricarpi CBS 119687
fungi.txt	Aspergillus campestris IBT 28561
fungi.txt	Aspergillus steynii IBT 23096
fungi.txt	Aspergillus novofumigatus IBT 16806
fungi.txt	Aspergillus ochraceoroseus IBT 24754
fungi.txt	Fimicolochytrium jonesii
fungi.txt	Cystobasidium minutum MCA 4210
fungi.txt	Sporothrix schenckii 1099-18
fungi.txt	Sporothrix brasiliensis 5110
fungi.txt	Rasamsonia emersonii CBS 393.64
fungi.txt	Pneumocystis jirovecii RU7
fungi.txt	Pneumocystis carinii B80
fungi.txt	Kwoniella europaea PYCC6329
fungi.txt	Talaromyces atroroseus
fungi.txt	Fonsecaea pedrosoi CBS 271.37
fungi.txt	Rhinocladiella mackenziei CBS 650.93
fungi.txt	Cladophialophora bantiana CBS 173.52
fungi.txt	Fonsecaea multimorphosa CBS 102226
fungi.txt	Aspergillus neoniger CBS 115656
fungi.txt	Aspergillus vadensis CBS 113365
fungi.txt	Aspergillus japonicus CBS 114.51
fungi.txt	Aspergillus piperis CBS 112811
fungi.txt	Aspergillus eucalypticola CBS 122712
fungi.txt	Aspergillus uvarum CBS 121591
fungi.txt	Aspergillus ibericus CBS 121593
fungi.txt	Aspergillus costaricaensis CBS 115574
fungi.txt	Aspergillus fijiensis CBS 313.89
fungi.txt	Aspergillus heteromorphus CBS 117.55
fungi.txt	Aspergillus aculeatinus CBS 121060
fungi.txt	Aaosphaeria arxii CBS 175.79
fungi.txt	Aspergillus niger CBS 101883
fungi.txt	Aspergillus brunneoviolaceus CBS 621.78
fungi.txt	Aspergillus sclerotioniger CBS 115572
fungi.txt	Aspergillus homomorphus CBS 101889
fungi.txt	Aspergillus saccharolyticus JOP 1030-1
fungi.txt	Paraphaeosphaeria sporulosa
fungi.txt	Botrytis sinoallii
fungi.txt	Mitosporidium daphniae
fungi.txt	Rhodotorula pacifica
fungi.txt	Aspergillus pseudonomiae
fungi.txt	Penicillium alfredii
fungi.txt	Aspergillus nomiae NRRL 13137
fungi.txt	Aspergillus pseudoviridinutans
fungi.txt	Ceraceosorus guamensis
fungi.txt	Lipomyces chichibuensis
fungi.txt	Penicillium longicatenatum
fungi.txt	Penicillium pulvis
fungi.txt	Penicillium verhagenii
fungi.txt	Fusarium tjaetaba
fungi.txt	Jaminaea rosea
fungi.txt	Pyricularia pennisetigena
fungi.txt	Knufia obscura
fungi.txt	Kwoniella newhampshirensis
fungi.txt	Neoarthrinium moseri
fungi.txt	Cyphellophora attinorum
fungi.txt	Colletotrichum abscissum
fungi.txt	Microdochium trichocladiopsis
fungi.txt	Pseudomicrostroma glucosiphilum
fungi.txt	Lithohypha guttulata
fungi.txt	Exophiala bonariae
fungi.txt	Saxophila tyrrhenica
fungi.txt	Kwoniella shandongensis
fungi.txt	Cantharellus anzutake
fungi.txt	Candida margitis
fungi.txt	Lodderomyces beijingensis
fungi.txt	Scheffersomyces coipomensis
fungi.txt	Penicillium robsamsonii
fungi.txt	Nematocida displodere
fungi.txt	Synchytrium microbalum
fungi.txt	Aspergillus karnatakaensis
fungi.txt	Aspergillus mulundensis
fungi.txt	Aspergillus stella-maris
fungi.txt	Aspergillus undulatus
fungi.txt	Penicillium arizonense
fungi.txt	Colletotrichum chrysophilum
fungi.txt	Penicillium nucicola
fungi.txt	Chaetomium fimeti
fungi.txt	Chaetomium tenue
fungi.txt	Dacryopinax primogenitus
fungi.txt	Cryptococcus decagattii
fungi.txt	Penicillium samsonianum
fungi.txt	Penicillium riverlandense
fungi.txt	Suillus clintonianus
fungi.txt	Suillus discolor
fungi.txt	Suillus fuscotomentosus
fungi.txt	Nematocida homosporus
fungi.txt	Nematocida major
fungi.txt	Nematocida minor
fungi.txt	Nematocida ausubeli
fungi.txt	Colletotrichum paranaense
fungi.txt	Annulohypoxylon maeteangense
fungi.txt	Desarmillaria tabescens
fungi.txt	Didymosphaeria variabile
fungi.txt	Dichotomopilus funicola
fungi.txt	Ogataea haglerorum
fungi.txt	Lasiosphaeria miniovina
fungi.txt	Botrytis fragariae
fungi.txt	Ceratocystis lukuohia
fungi.txt	Malassezia vespertilionis
fungi.txt	Trichoderma breve
fungi.txt	Berkeleyomyces rouxiae
fungi.txt	Histoplasma mississippiense (nom. inval.)
fungi.txt	Purpureocillium takamizusanense
fungi.txt	Canariomyces notabilis
fungi.txt	Podospora bellae-mahoneyi
fungi.txt	Podospora pseudocomata
fungi.txt	Podospora pseudopauciseta
fungi.txt	Penicillium cataractarum
fungi.txt	Mycena indigotica
fungi.txt	Akanthomyces muscarius
fungi.txt	Trichomonascus vanleenenianus
fungi.txt	Yamadazyma tenuis
fungi.txt	Botrytis deweyae
fungi.txt	Exophiala viscosa
fungi.txt	Schizosaccharomyces osmophilus
fungi.txt	Parathielavia appendiculata
fungi.txt	Magnusiomyces paraingens
fungi.txt	Podospora pseudoanserina
fungi.txt	Emericellopsis atlantica
fungi.txt	Venustampulla echinocandica
fungi.txt	Fusarium flagelliforme
fungi.txt	Emericellopsis cladophorae
fungi.txt	Bacidia gigantensis
fungi.txt	Protomyces lactucae-debilis
fungi.txt	Neodothiora populina
fungi.txt	Penicillium diatomitis
fungi.txt	Apiospora phragmitis
fungi.txt	Ordospora pajunii
fungi.txt	Penicillium psychrofluorescens
plant.txt	Citrus sinensis
plant.txt	Chondrus crispus
plant.txt	Chlamydomonas reinhardtii
plant.txt	Volvox carteri f. nagariensis
plant.txt	Auxenochlorella protothecoides
plant.txt	Physcomitrium patens
plant.txt	Cryptomeria japonica
plant.txt	Tasmannia lanceolata
plant.txt	Papaver somniferum
plant.txt	Cannabis sativa
plant.txt	Humulus lupulus
plant.txt	Alnus glutinosa
plant.txt	Beta vulgaris subsp. vulgaris
plant.txt	Spinacia oleracea
plant.txt	Gossypium hirsutum
plant.txt	Theobroma cacao
plant.txt	Carica papaya
plant.txt	Cucumis melo
plant.txt	Cucumis sativus
plant.txt	Cucurbita maxima
plant.txt	Cucurbita moschata
plant.txt	Cucurbita pepo subsp. pepo
plant.txt	Momordica charantia
plant.txt	Populus nigra
plant.txt	Populus trichocarpa
plant.txt	Arabidopsis thaliana
plant.txt	Brassica napus
plant.txt	Brassica rapa
plant.txt	Raphanus sativus
plant.txt	Malus domestica
plant.txt	Malus sylvestris
plant.txt	Prunus dulcis
plant.txt	Prunus persica
plant.txt	Abrus precatorius
plant.txt	Arachis hypogaea
plant.txt	Cajanus cajan
plant.txt	Cicer arietinum
plant.txt	Glycine max
plant.txt	Glycine soja
plant.txt	Lupinus angustifolius
plant.txt	Medicago truncatula
plant.txt	Phaseolus vulgaris
plant.txt	Lathyrus oleraceus
plant.txt	Vicia villosa
plant.txt	Vigna angularis
plant.txt	Vigna radiata var. radiata
plant.txt	Vigna unguiculata
plant.txt	Hevea brasiliensis
plant.txt	Manihot esculenta
plant.txt	Mercurialis annua
plant.txt	Ricinus communis
plant.txt	Apium graveolens
plant.txt	Capsicum annuum
plant.txt	Solanum lycopersicum
plant.txt	Nicotiana sylvestris
plant.txt	Nicotiana tabacum
plant.txt	Nicotiana tomentosiformis
plant.txt	Solanum tuberosum
plant.txt	Erythranthe guttata
plant.txt	Sesamum indicum
plant.txt	Helianthus annuus
plant.txt	Lactuca sativa
plant.txt	Cornus florida
plant.txt	Nelumbo nucifera
plant.txt	Camellia sinensis
plant.txt	Lolium perenne
plant.txt	Oryza brachyantha
plant.txt	Oryza glaberrima
plant.txt	Setaria italica
plant.txt	Setaria viridis
plant.txt	Sorghum bicolor
plant.txt	Triticum aestivum
plant.txt	Triticum urartu
plant.txt	Zea mays
plant.txt	Ananas comosus
plant.txt	Asparagus officinalis
plant.txt	Typha latifolia
plant.txt	Amborella trichopoda
plant.txt	Coffea arabica
plant.txt	Corylus avellana
plant.txt	Brachypodium distachyon
plant.txt	Castanea sativa
plant.txt	Punica granatum
plant.txt	Pyrus communis
plant.txt	Solanum pennellii
plant.txt	Tarenaya hassleriana
plant.txt	Phragmites australis
plant.txt	Amaranthus tricolor
plant.txt	Gossypium arboreum
plant.txt	Gossypium raimondii
plant.txt	Vitis vinifera
plant.txt	Mangifera indica
plant.txt	Carya illinoinensis
plant.txt	Lotus japonicus
plant.txt	Ipomoea nil
plant.txt	Ipomoea triloba
plant.txt	Silene latifolia
plant.txt	Panicum virgatum
plant.txt	Quercus robur
plant.txt	Oryza sativa Japonica Group
plant.txt	Bathycoccus prasinos
plant.txt	Prunus avium
plant.txt	Phoenix dactylifera
plant.txt	Populus alba
plant.txt	Solanum dulcamara
plant.txt	Primulina tabacum
plant.txt	Salvia hispanica
plant.txt	Coffea eugenioides
plant.txt	Nicotiana attenuata
plant.txt	Juglans regia
plant.txt	Elaeis guineensis
plant.txt	Telopea speciosissima
plant.txt	Diospyros lotus
plant.txt	Pistacia vera
plant.txt	Dioscorea cayenensis subsp. rotundata
plant.txt	Trifolium pratense
plant.txt	Argentina anserina
plant.txt	Quercus suber
plant.txt	Typha angustifolia
plant.txt	Cynara cardunculus var. scolymus
plant.txt	Macadamia integrifolia
plant.txt	Chenopodium quinoa
plant.txt	Durio zibethinus
plant.txt	Ostreococcus tauri
plant.txt	Eucalyptus grandis
plant.txt	Eutrema salsugineum
plant.txt	Erigeron canadensis
plant.txt	Rosa rugosa
plant.txt	Rosa chinensis
plant.txt	Populus euphratica
plant.txt	Phalaenopsis equestris
plant.txt	Daucus carota subsp. sativus
plant.txt	Arabidopsis lyrata subsp. lyrata
plant.txt	Capsella rubella
plant.txt	Citrus x clementina
plant.txt	Triticum dicoccoides
plant.txt	Magnolia sinica
plant.txt	Vigna umbellata
plant.txt	Selaginella moellendorffii
plant.txt	Lolium rigidum
plant.txt	Camelina sativa
plant.txt	Zingiber officinale
plant.txt	Vitis riparia
plant.txt	Quercus lobata
plant.txt	Fragaria vesca subsp. vesca
plant.txt	Prunus mume
plant.txt	Benincasa hispida
plant.txt	Hibiscus syriacus
plant.txt	Herrania umbratica
plant.txt	Brassica oleracea var. oleracea
plant.txt	Hordeum vulgare subsp. vulgare
plant.txt	Lycium barbarum
plant.txt	Lycium ferocissimum
plant.txt	Rutidosis leptorrhynchoides
plant.txt	Galdieria sulphuraria
plant.txt	Arachis duranensis
plant.txt	Arachis ipaensis
plant.txt	Curcuma longa
plant.txt	Monoraphidium neglectum
plant.txt	Gastrolobium bilobum
plant.txt	Miscanthus floridulus
plant.txt	Olea europaea var. sylvestris
plant.txt	Actinidia eriantha
plant.txt	Aristolochia californica
plant.txt	Solanum stenotomum
plant.txt	Andrographis paniculata
plant.txt	Rhodamnia argentea
plant.txt	Jatropha curcas
plant.txt	Salvia splendens
plant.txt	Rhododendron vialii
plant.txt	Aegilops tauschii subsp. strangulata
plant.txt	Panicum hallii
plant.txt	Neltuma alba
plant.txt	Nymphaea colorata
plant.txt	Euphorbia lathyris
plant.txt	Musa acuminata AAA Group
plant.txt	Arachis stenosperma
plant.txt	Syzygium oleosum
plant.txt	Pyrus x bretschneideri
plant.txt	Salvia miltiorrhiza
plant.txt	Impatiens glandulifera
plant.txt	Cyanidioschyzon merolae strain 10D
plant.txt	Micromonas commoda
plant.txt	Solanum verrucosum
plant.txt	Ziziphus jujuba
plant.txt	Prosopis cineraria
plant.txt	Malania oleifera
plant.txt	Henckelia pumila
plant.txt	Ostreococcus lucimarinus CCE9901
plant.txt	Tripterygium wilfordii
plant.txt	Chlorella variabilis
plant.txt	Micromonas pusilla CCMP1545
plant.txt	Coccomyxa subellipsoidea C-169
plant.txt	Dendrobium catenatum
plant.txt	Bidens hawaiensis
plant.txt	Morus notabilis
plant.txt	Primulina eburnea
plant.txt	Primulina huaijiensis
plant.txt	Juglans microcarpa x Juglans regia
non-mammalian.txt	Lethenteron reissneri
non-mammalian.txt	Petromyzon marinus
non-mammalian.txt	Myxine glutinosa
non-mammalian.txt	Leucoraja erinaceus
non-mammalian.txt	Heterodontus francisci
non-mammalian.txt	Scyliorhinus canicula
non-mammalian.txt	Callorhinchus milii
non-mammalian.txt	Protopterus annectens
non-mammalian.txt	Latimeria chalumnae
non-mammalian.txt	Acipenser ruthenus
non-mammalian.txt	Polyodon spathula
non-mammalian.txt	Lepisosteus oculatus
non-mammalian.txt	Anguilla anguilla
non-mammalian.txt	Anguilla rostrata
non-mammalian.txt	Clupea harengus
non-mammalian.txt	Danio rerio
non-mammalian.txt	Carassius auratus
non-mammalian.txt	Ctenopharyngodon idella
non-mammalian.txt	Cyprinus carpio
non-mammalian.txt	Astyanax mexicanus
non-mammalian.txt	Ictalurus punctatus
non-mammalian.txt	Electrophorus electricus
non-mammalian.txt	Esox lucius
non-mammalian.txt	Osmerus mordax
non-mammalian.txt	Oncorhynchus gorbuscha
non-mammalian.txt	Oncorhynchus keta
non-mammalian.txt	Oncorhynchus kisutch
non-mammalian.txt	Oncorhynchus mykiss
non-mammalian.txt	Oncorhynchus nerka
non-mammalian.txt	Salmo salar
non-mammalian.txt	Salmo trutta
non-mammalian.txt	Salvelinus alpinus
non-mammalian.txt	Salvelinus fontinalis
non-mammalian.txt	Salvelinus namaycush
non-mammalian.txt	Gadus morhua
non-mammalian.txt	Fundulus heteroclitus
non-mammalian.txt	Poecilia reticulata
non-mammalian.txt	Xiphophorus maculatus
non-mammalian.txt	Xiphophorus hellerii
non-mammalian.txt	Oryzias latipes
non-mammalian.txt	Cyclopterus lumpus
non-mammalian.txt	Oreochromis niloticus
non-mammalian.txt	Haplochromis burtoni
non-mammalian.txt	Astatotilapia calliptera
non-mammalian.txt	Perca flavescens
non-mammalian.txt	Perca fluviatilis
non-mammalian.txt	Sparus aurata
non-mammalian.txt	Acanthopagrus latus
non-mammalian.txt	Lates calcarifer
non-mammalian.txt	Notothenia coriiceps
non-mammalian.txt	Gymnodraco acuticeps
non-mammalian.txt	Thunnus albacares
non-mammalian.txt	Thunnus thynnus
non-mammalian.txt	Thunnus maccoyii
non-mammalian.txt	Xiphias gladius
non-mammalian.txt	Paralichthys olivaceus
non-mammalian.txt	Platichthys flesus
non-mammalian.txt	Pleuronectes platessa
non-mammalian.txt	Hippoglossus hippoglossus
non-mammalian.txt	Ambystoma mexicanum
non-mammalian.txt	Pleurodeles waltl
non-mammalian.txt	Bombina bombina
non-mammalian.txt	Xenopus laevis
non-mammalian.txt	Xenopus tropicalis
non-mammalian.txt	Bufo bufo
non-mammalian.txt	Aquarana catesbeiana
non-mammalian.txt	Rana temporaria
non-mammalian.txt	Ascaphus truei
non-mammalian.txt	Caretta caretta
non-mammalian.txt	Chelonia mydas
non-mammalian.txt	Lepidochelys kempii
non-mammalian.txt	Chrysemys picta bellii
non-mammalian.txt	Alligator mississippiensis
non-mammalian.txt	Crocodylus porosus
non-mammalian.txt	Sceloporus undulatus
non-mammalian.txt	Zootoca vivipara
non-mammalian.txt	Notechis scutatus
non-mammalian.txt	Pseudonaja textilis
non-mammalian.txt	Dromaius novaehollandiae
non-mammalian.txt	Rhea pennata
non-mammalian.txt	Struthio camelus
non-mammalian.txt	Anas platyrhynchos
non-mammalian.txt	Anser cygnoides
non-mammalian.txt	Cygnus atratus
non-mammalian.txt	Cygnus olor
non-mammalian.txt	Oxyura jamaicensis
non-mammalian.txt	Apus apus
non-mammalian.txt	Chaetura pelagica
non-mammalian.txt	Columba livia
non-mammalian.txt	Falco peregrinus
non-mammalian.txt	Astur gentilis
non-mammalian.txt	Haliaeetus albicilla
non-mammalian.txt	Numida meleagris
non-mammalian.txt	Centrocercus urophasianus
non-mammalian.txt	Cyrtonyx montezumae
non-mammalian.txt	Gallus gallus
non-mammalian.txt	Gallus gallus
non-mammalian.txt	Phasianus colchicus
non-mammalian.txt	Meleagris gallopavo
non-mammalian.txt	Grus americana
non-mammalian.txt	Serinus canaria
non-mammalian.txt	Parus major
non-mammalian.txt	Passer montanus
non-mammalian.txt	Sturnus vulgaris
non-mammalian.txt	Agelaius tricolor
non-mammalian.txt	Phalacrocorax carbo
non-mammalian.txt	Aptenodytes forsteri
non-mammalian.txt	Aptenodytes patagonicus
non-mammalian.txt	Pygoscelis adeliae
non-mammalian.txt	Calypte anna
non-mammalian.txt	Clarias gariepinus
non-mammalian.txt	Heteronotia binoei
non-mammalian.txt	Melopsittacus undulatus
non-mammalian.txt	Carcharodon carcharias
non-mammalian.txt	Dicentrarchus labrax
non-mammalian.txt	Scomber japonicus
non-mammalian.txt	Scomber scombrus
non-mammalian.txt	Pelodiscus sinensis
non-mammalian.txt	Erpetoichthys calabaricus
non-mammalian.txt	Sardina pilchardus
non-mammalian.txt	Micropterus salmoides
non-mammalian.txt	Hoplias malabaricus
non-mammalian.txt	Limanda limanda
non-mammalian.txt	Natator depressus
non-mammalian.txt	Dermochelys coriacea
non-mammalian.txt	Anolis carolinensis
non-mammalian.txt	Anas acuta
non-mammalian.txt	Cyprinodon variegatus
non-mammalian.txt	Solea senegalensis
non-mammalian.txt	Chanos chanos
non-mammalian.txt	Osmerus eperlanus
non-mammalian.txt	Bufo gargarizans
non-mammalian.txt	Pyxicephalus adspersus
non-mammalian.txt	Buteo buteo
non-mammalian.txt	Lagopus leucura
non-mammalian.txt	Opisthocomus hoazin
non-mammalian.txt	Haemorhous mexicanus
non-mammalian.txt	Fulmarus glacialis
non-mammalian.txt	Nothoprocta perdicaria
non-mammalian.txt	Oryzias melastigma
non-mammalian.txt	Takifugu rubripes
non-mammalian.txt	Trachemys scripta elegans
non-mammalian.txt	Numenius arquata
non-mammalian.txt	Xiphophorus couchianus
non-mammalian.txt	Neolamprologus brichardi
non-mammalian.txt	Gambusia affinis
non-mammalian.txt	Mycteria americana
non-mammalian.txt	Phaenicophaeus curvirostris
non-mammalian.txt	Gymnogyps californianus
non-mammalian.txt	Alosa sapidissima
non-mammalian.txt	Alosa pseudoharengus
non-mammalian.txt	Morone saxatilis
non-mammalian.txt	Thamnophis elegans
non-mammalian.txt	Thamnophis sirtalis
non-mammalian.txt	Pezoporus wallicus
non-mammalian.txt	Chiloscyllium plagiosum
non-mammalian.txt	Pelecanus crispus
non-mammalian.txt	Strix uralensis
non-mammalian.txt	Kryptolebias marmoratus
non-mammalian.txt	Gavia stellata
non-mammalian.txt	Alligator sinensis
non-mammalian.txt	Anolis sagrei
non-mammalian.txt	Chaetodon auriga
non-mammalian.txt	Aphelocoma coerulescens
non-mammalian.txt	Agelaius phoeniceus
non-mammalian.txt	Lonchura striata
non-mammalian.txt	Melozone crissalis
non-mammalian.txt	Trematomus bernacchii
non-mammalian.txt	Seriola dumerili
non-mammalian.txt	Pygocentrus nattereri
non-mammalian.txt	Colossoma macropomum
non-mammalian.txt	Brienomyrus brachyistius
non-mammalian.txt	Hirundo rustica
non-mammalian.txt	Rhinoderma darwinii
non-mammalian.txt	Simochromis diagramma
non-mammalian.txt	Monopterus albus
non-mammalian.txt	Zonotrichia albicollis
non-mammalian.txt	Melospiza georgiana
non-mammalian.txt	Carettochelys insculpta
non-mammalian.txt	Excalfactoria chinensis
non-mammalian.txt	Oreochromis aureus
non-mammalian.txt	Sylvia atricapilla
non-mammalian.txt	Mugil cephalus
non-mammalian.txt	Nyctibius grandis
non-mammalian.txt	Poecilia formosa
non-mammalian.txt	Poecilia latipinna
non-mammalian.txt	Poecilia mexicana
non-mammalian.txt	Passer domesticus
non-mammalian.txt	Geospiza fortis
non-mammalian.txt	Poecile atricapillus
non-mammalian.txt	Charadrius vociferus
non-mammalian.txt	Pseudorasbora parva
non-mammalian.txt	Candoia aspera
non-mammalian.txt	Pseudochaenichthys georgianus
non-mammalian.txt	Haliaeetus leucocephalus
non-mammalian.txt	Austrofundulus limnaeus
non-mammalian.txt	Ciconia boyciana
non-mammalian.txt	Scophthalmus maximus
non-mammalian.txt	Etheostoma spectabile
non-mammalian.txt	Mesitornis unicolor
non-mammalian.txt	Cariama cristata
non-mammalian.txt	Eurypyga helias
non-mammalian.txt	Pristiophorus japonicus
non-mammalian.txt	Polypterus senegalus
non-mammalian.txt	Cuculus canorus
non-mammalian.txt	Tyto alba
non-mammalian.txt	Cottoperca gobio
non-mammalian.txt	Labrus bergylta
non-mammalian.txt	Eleginops maclovinus
non-mammalian.txt	Eleutherodactylus coqui
non-mammalian.txt	Acanthisitta chloris
non-mammalian.txt	Apaloderma vittatum
non-mammalian.txt	Colius striatus
non-mammalian.txt	Merops nubicus
non-mammalian.txt	Taeniopygia guttata
non-mammalian.txt	Coregonus clupeaformis
non-mammalian.txt	Ficedula albicollis
non-mammalian.txt	Varanus komodoensis
non-mammalian.txt	Archocentrus centrarchus
non-mammalian.txt	Anabas testudineus
non-mammalian.txt	Podarcis muralis
non-mammalian.txt	Lagopus muta
non-mammalian.txt	Podarcis raffonei
non-mammalian.txt	Anarhichas minor
non-mammalian.txt	Ictalurus furcatus
non-mammalian.txt	Corvus kubaryi
non-mammalian.txt	Myxocyprinus asiaticus
non-mammalian.txt	Tiliqua scincoides
non-mammalian.txt	Sebastes umbrosus
non-mammalian.txt	Mauremys mutica
non-mammalian.txt	Oncorhynchus tshawytscha
non-mammalian.txt	Scatophagus argus
non-mammalian.txt	Misgurnus anguillicaudatus
non-mammalian.txt	Megalobrama amblycephala
non-mammalian.txt	Sinocyclocheilus grahami
non-mammalian.txt	Rissa tridactyla
non-mammalian.txt	Scyliorhinus torazame
non-mammalian.txt	Engystomops pustulosus
non-mammalian.txt	Cyprinodon tularosa
non-mammalian.txt	Hypanus sabinus
non-mammalian.txt	Lacerta agilis
non-mammalian.txt	Gadus macrocephalus
non-mammalian.txt	Acanthochromis polyacanthus
non-mammalian.txt	Amphiprion ocellaris
non-mammalian.txt	Vidua chalybeata
non-mammalian.txt	Emys orbicularis
non-mammalian.txt	Conger conger
non-mammalian.txt	Labeo rohita
non-mammalian.txt	Molothrus aeneus
non-mammalian.txt	Molothrus ater
non-mammalian.txt	Corvus brachyrhynchos
non-mammalian.txt	Camarhynchus parvulus
non-mammalian.txt	Crotalus tigris
non-mammalian.txt	Solea solea
non-mammalian.txt	Oncorhynchus masou masou
non-mammalian.txt	Paramisgurnus dabryanus
non-mammalian.txt	Pimephales promelas
non-mammalian.txt	Catharus ustulatus
non-mammalian.txt	Dendrobates tinctorius
non-mammalian.txt	Coturnix japonica
non-mammalian.txt	Tinamus guttatus
non-mammalian.txt	Gavialis gangeticus
non-mammalian.txt	Pituophis catenifer annectens
non-mammalian.txt	Pantherophis guttatus
non-mammalian.txt	Phaethon lepturus
non-mammalian.txt	Brachyistius frenatus
non-mammalian.txt	Embiotoca jacksoni
non-mammalian.txt	Balearica regulorum gibbericeps
non-mammalian.txt	Carassius gibelio
non-mammalian.txt	Pogona vitticeps
non-mammalian.txt	Protobothrops mucrosquamatus
non-mammalian.txt	Nothobranchius furzeri
non-mammalian.txt	Maylandia zebra
non-mammalian.txt	Chelonoidis abingdonii
non-mammalian.txt	Tympanuchus pallidicinctus
non-mammalian.txt	Hippocampus comes
non-mammalian.txt	Hippocampus zosterae
non-mammalian.txt	Chaetodon trifascialis
non-mammalian.txt	Chelmon rostratus
non-mammalian.txt	Ranitomeya imitator
non-mammalian.txt	Phyllobates terribilis
non-mammalian.txt	Strix aluco
non-mammalian.txt	Scleropages formosus
non-mammalian.txt	Neopelma chrysocephalum
non-mammalian.txt	Megalops cyprinoides
non-mammalian.txt	Dryobates pubescens
non-mammalian.txt	Siniperca chuatsi
non-mammalian.txt	Larus michahellis
non-mammalian.txt	Falco rusticolus
non-mammalian.txt	Erythrolamprus reginae
non-mammalian.txt	Tauraco erythrolophus
non-mammalian.txt	Nanorana parkeri
non-mammalian.txt	Athene noctua
non-mammalian.txt	Phalacrocorax aristotelis
non-mammalian.txt	Cinclus cinclus
non-mammalian.txt	Nipponia nippon
non-mammalian.txt	Cololabis saira
non-mammalian.txt	Corvus hawaiiensis
non-mammalian.txt	Pungitius pungitius
non-mammalian.txt	Garra rufa
non-mammalian.txt	Chiloscyllium punctatum
non-mammalian.txt	Hypomesus transpacificus
non-mammalian.txt	Pagrus major
non-mammalian.txt	Paroedura picta
non-mammalian.txt	Stegastes partitus
non-mammalian.txt	Gekko japonicus
non-mammalian.txt	Halichoeres trimaculatus
non-mammalian.txt	Micropterus dolomieu
non-mammalian.txt	Falco naumanni
non-mammalian.txt	Boleophthalmus pectinirostris
non-mammalian.txt	Dendropsophus ebraccatus
non-mammalian.txt	Xyrauchen texanus
non-mammalian.txt	Genypterus blacodes
non-mammalian.txt	Cyanistes caeruleus
non-mammalian.txt	Betta splendens
non-mammalian.txt	Pelmatolapia mariae
non-mammalian.txt	Nerophis ophidion
non-mammalian.txt	Elgaria multicarinata webbii
non-mammalian.txt	Plectropomus leopardus
non-mammalian.txt	Corythoichthys intestinalis
non-mammalian.txt	Doryrhamphus excisus
non-mammalian.txt	Dunckerocampus dactyliophorus
non-mammalian.txt	Entelurus aequoreus
non-mammalian.txt	Phyllopteryx taeniolatus
non-mammalian.txt	Syngnathus acus
non-mammalian.txt	Syngnathus scovelli
non-mammalian.txt	Syngnathus typhle
non-mammalian.txt	Empidonax traillii
non-mammalian.txt	Centroberyx affinis
non-mammalian.txt	Centroberyx gerrardi
non-mammalian.txt	Eucyclogobius newberryi
non-mammalian.txt	Hemiscyllium ocellatum
non-mammalian.txt	Echeneis naucrates
non-mammalian.txt	Malurus melanocephalus
non-mammalian.txt	Tachysurus vachellii
non-mammalian.txt	Silurus meridionalis
non-mammalian.txt	Buceros rhinoceros silvestris
non-mammalian.txt	Nestor notabilis
non-mammalian.txt	Python bivittatus
non-mammalian.txt	Siphateles boraxobius
non-mammalian.txt	Pseudopodoces humilis
non-mammalian.txt	Salarias fasciatus
non-mammalian.txt	Centropristis striata
non-mammalian.txt	Engraulis encrasicolus
non-mammalian.txt	Caloenas nicobarica
non-mammalian.txt	Chlamydotis macqueenii
non-mammalian.txt	Anomalospiza imberbis
non-mammalian.txt	Vidua macroura
non-mammalian.txt	Poeciliopsis prolifica
non-mammalian.txt	Leptosomus discolor
non-mammalian.txt	Egretta garzetta
non-mammalian.txt	Chamaea fasciata
non-mammalian.txt	Pelobates fuscus
non-mammalian.txt	Athene cunicularia
non-mammalian.txt	Rhinatrema bivittatum
non-mammalian.txt	Hippoglossus stenolepis
non-mammalian.txt	Calidris pugnax
non-mammalian.txt	Harpia harpyja
non-mammalian.txt	Mastacembelus armatus
non-mammalian.txt	Prinia subflava
non-mammalian.txt	Girardinichthys multiradiatus
non-mammalian.txt	Parambassis ranga
non-mammalian.txt	Melanerpes formicivorus
non-mammalian.txt	Heptranchias perlo
non-mammalian.txt	Larimichthys crocea
non-mammalian.txt	Enoplosus armatus
non-mammalian.txt	Channa argus
non-mammalian.txt	Carassius carassius
non-mammalian.txt	Aythya fuligula
non-mammalian.txt	Odontesthes bonariensis
non-mammalian.txt	Pyrgilauda ruficollis
non-mammalian.txt	Aquila chrysaetos chrysaetos
non-mammalian.txt	Anoplopoma fimbria
non-mammalian.txt	Spea bombifrons
non-mammalian.txt	Anomaloglossus baeobatrachus
non-mammalian.txt	Leptodactylus fuscus
non-mammalian.txt	Pterocles gutturalis
non-mammalian.txt	Cheilinus undulatus
non-mammalian.txt	Semicossyphus pulcher
non-mammalian.txt	Antennarius striatus
non-mammalian.txt	Cynoglossus semilaevis
non-mammalian.txt	Zonotrichia leucophrys gambelii
non-mammalian.txt	Rhincodon typus
non-mammalian.txt	Mauremys reevesii
non-mammalian.txt	Geotrypetes seraphini
non-mammalian.txt	Rhineura floridana
non-mammalian.txt	Synchiropus splendidus
non-mammalian.txt	Cebidichthys violaceus
non-mammalian.txt	Alosa alosa
non-mammalian.txt	Antrostomus carolinensis
non-mammalian.txt	Sander lucioperca
non-mammalian.txt	Gopherus flavomarginatus
non-mammalian.txt	Epinephelus fuscoguttatus
non-mammalian.txt	Chiroxiphia lanceolata
non-mammalian.txt	Denticeps clupeoides
non-mammalian.txt	Epinephelus moara
non-mammalian.txt	Syngnathoides biaculeatus
non-mammalian.txt	Pundamilia nyererei
non-mammalian.txt	Nelusetta ayraudi
non-mammalian.txt	Clinocottus analis
non-mammalian.txt	Sinocyclocheilus rhinocerous
non-mammalian.txt	Apteryx rowi
non-mammalian.txt	Neopsephotus bourkii
non-mammalian.txt	Epinephelus lanceolatus
non-mammalian.txt	Pangasianodon hypophthalmus
non-mammalian.txt	Lepidothrix coronata
non-mammalian.txt	Hyla sarda
non-mammalian.txt	Manacus vitellinus
non-mammalian.txt	Hemibagrus wyckioides
non-mammalian.txt	Falco biarmicus
non-mammalian.txt	Falco cherrug
non-mammalian.txt	Leuresthes tenuis
non-mammalian.txt	Onychostruthus taczanowskii
non-mammalian.txt	Onychostoma macrolepis
non-mammalian.txt	Patagioenas fasciata
non-mammalian.txt	Sphaeramia orbicularis
non-mammalian.txt	Amblyraja radiata
non-mammalian.txt	Thalassophryne amazonica
non-mammalian.txt	Sebastes fasciatus
non-mammalian.txt	Pezoporus occidentalis
non-mammalian.txt	Periophthalmus magnuspinnatus
non-mammalian.txt	Brachionichthys hirsutus
non-mammalian.txt	Manacus candei
non-mammalian.txt	Corapipo altera
non-mammalian.txt	Pseudopipra pipra
non-mammalian.txt	Etheostoma cragini
non-mammalian.txt	Anarrhichthys ocellatus
non-mammalian.txt	Takifugu flavidus
non-mammalian.txt	Gouania willdenowi
non-mammalian.txt	Neoarius graeffei
non-mammalian.txt	Trachinotus anak
non-mammalian.txt	Nematolebias whitei
non-mammalian.txt	Euleptes europaea
non-mammalian.txt	Heliangelus exortis
non-mammalian.txt	Myiozetetes cayanensis
non-mammalian.txt	Gasterosteus aculeatus aculeatus
non-mammalian.txt	Eublepharis macularius
non-mammalian.txt	Pogoniulus pusillus
non-mammalian.txt	Ranitomeya variabilis
non-mammalian.txt	Oncorhynchus clarkii lewisi
non-mammalian.txt	Pseudophryne corroboree
non-mammalian.txt	Ahaetulla prasina
non-mammalian.txt	Labrus mixtus
non-mammalian.txt	Nerophis lumbriciformis
non-mammalian.txt	Myripristis murdjan
non-mammalian.txt	Pipra filicauda
non-mammalian.txt	Lathamus discolor
non-mammalian.txt	Pristis pectinata
non-mammalian.txt	Phycodurus eques
non-mammalian.txt	Brachyhypopomus gauderio
non-mammalian.txt	Mobula hypostoma
non-mammalian.txt	Hyperolius riggenbachi
non-mammalian.txt	Hemicordylus capensis
non-mammalian.txt	Pezoporus flaviventris
non-mammalian.txt	Salminus brasiliensis
non-mammalian.txt	Corvus cornix cornix
non-mammalian.txt	Sphaerodactylus townsendi
non-mammalian.txt	Chanodichthys erythropterus
non-mammalian.txt	Toxotes jaculatrix
non-mammalian.txt	Triplophysa rosa
non-mammalian.txt	Indicator indicator
non-mammalian.txt	Gadus chalcogrammus
non-mammalian.txt	Motacilla alba alba
non-mammalian.txt	Emydura macquarii macquarii
non-mammalian.txt	Danio aesculapii
non-mammalian.txt	Chroicocephalus ridibundus
non-mammalian.txt	Corvus moneduloides
non-mammalian.txt	Notolabrus celidotus
non-mammalian.txt	Tachysurus fulvidraco
non-mammalian.txt	Melanotaenia boesemani
non-mammalian.txt	Calonectris borealis
non-mammalian.txt	Narcine bancroftii
non-mammalian.txt	Microcaecilia unicolor
non-mammalian.txt	Triplophysa dalaica
non-mammalian.txt	Puntigrus tetrazona
non-mammalian.txt	Sinocyclocheilus anshuiensis
non-mammalian.txt	Paramormyrops kingsleyae
non-mammalian.txt	Gopherus evgoodei
non-mammalian.txt	Seriola lalandi dorsalis
non-mammalian.txt	Melospiza melodia melodia
non-mammalian.txt	Mobula birostris
non-mammalian.txt	Pseudoliparis swirei
non-mammalian.txt	Trichomycterus rosablanca
non-mammalian.txt	Strigops habroptila
non-mammalian.txt	Lampris incognitus
non-mammalian.txt	Terrapene triunguis
non-mammalian.txt	Salvelinus sp. IW2-2015
non-mammalian.txt	Apteryx mantelli
non-mammalian.txt	Hemitrygon akajei
non-mammalian.txt	Ammospiza nelsoni
non-mammalian.txt	Ammospiza caudacuta
non-mammalian.txt	Seriola aureovittata
non-mammalian.txt	Oenanthe melanoleuca
non-mammalian.txt	Amia ocellicauda
non-mammalian.txt	Malaclemys terrapin pileata
non-mammalian.txt	Rhinichthys klamathensis goyatoka
non-mammalian.txt	Stegostoma tigrinum
non-mammalian.txt	Mixophyes fleayi
non-mammalian.txt	Pempheris klunzingeri
non-mammalian.txt	Pithys albifrons albifrons
invertebrate.txt	Halichondria panicea
invertebrate.txt	Hydra vulgaris
invertebrate.txt	Hydra vulgaris
invertebrate.txt	Actinia tenebrosa
invertebrate.txt	Acropora palmata
invertebrate.txt	Schistosoma mansoni
invertebrate.txt	Schistosoma haematobium
invertebrate.txt	Opisthorchis viverrini
invertebrate.txt	Echinococcus granulosus
invertebrate.txt	Caenorhabditis briggsae
invertebrate.txt	Caenorhabditis elegans
invertebrate.txt	Brugia malayi
invertebrate.txt	Trichinella spiralis
invertebrate.txt	Helobdella robusta
invertebrate.txt	Haliotis rufescens
invertebrate.txt	Haliotis cracherodii
invertebrate.txt	Patella vulgata
invertebrate.txt	Aplysia californica
invertebrate.txt	Biomphalaria glabrata
invertebrate.txt	Mytilus californianus
invertebrate.txt	Mytilus edulis
invertebrate.txt	Mytilus trossulus
invertebrate.txt	Crassostrea virginica
invertebrate.txt	Mizuhopecten yessoensis
invertebrate.txt	Pecten maximus
invertebrate.txt	Mercenaria mercenaria
invertebrate.txt	Mya arenaria
invertebrate.txt	Artemia franciscana
invertebrate.txt	Daphnia pulex
invertebrate.txt	Penaeus monodon
invertebrate.txt	Penaeus vannamei
invertebrate.txt	Homarus americanus
invertebrate.txt	Procambarus clarkii
invertebrate.txt	Tigriopus californicus
invertebrate.txt	Limulus polyphemus
invertebrate.txt	Tachypleus tridentatus
invertebrate.txt	Rhipicephalus microplus
invertebrate.txt	Ixodes scapularis
invertebrate.txt	Dermatophagoides farinae
invertebrate.txt	Dermatophagoides pteronyssinus
invertebrate.txt	Periplaneta americana
invertebrate.txt	Schistocerca americana
invertebrate.txt	Schistocerca gregaria
invertebrate.txt	Schistocerca nitens
invertebrate.txt	Acyrthosiphon pisum
invertebrate.txt	Bemisia tabaci
invertebrate.txt	Sitophilus oryzae
invertebrate.txt	Photinus pyralis
invertebrate.txt	Tenebrio molitor
invertebrate.txt	Tribolium castaneum
invertebrate.txt	Bombyx mori
invertebrate.txt	Bombyx mandarina
invertebrate.txt	Spodoptera frugiperda
invertebrate.txt	Trichoplusia ni
invertebrate.txt	Helicoverpa zea
invertebrate.txt	Pieris brassicae
invertebrate.txt	Manduca sexta
invertebrate.txt	Galleria mellonella
invertebrate.txt	Choristoneura fumiferana
invertebrate.txt	Aedes aegypti
invertebrate.txt	Aedes albopictus
invertebrate.txt	Anopheles gambiae
invertebrate.txt	Anopheles albimanus
invertebrate.txt	Anopheles arabiensis
invertebrate.txt	Culex quinquefasciatus
invertebrate.txt	Lutzomyia longipalpis
invertebrate.txt	Loa loa
invertebrate.txt	Ceratitis capitata
invertebrate.txt	Drosophila ananassae
invertebrate.txt	Drosophila erecta
invertebrate.txt	Drosophila grimshawi
invertebrate.txt	Drosophila hydei
invertebrate.txt	Scaptodrosophila lebanonensis
invertebrate.txt	Drosophila mauritiana
invertebrate.txt	Drosophila melanogaster
invertebrate.txt	Drosophila miranda
invertebrate.txt	Drosophila mojavensis
invertebrate.txt	Drosophila navojoa
invertebrate.txt	Drosophila persimilis
invertebrate.txt	Drosophila pseudoobscura
invertebrate.txt	Drosophila sechellia
invertebrate.txt	Drosophila simulans
invertebrate.txt	Drosophila subobscura
invertebrate.txt	Drosophila teissieri
invertebrate.txt	Drosophila virilis
invertebrate.txt	Drosophila yakuba
invertebrate.txt	Drosophila willistoni
invertebrate.txt	Drosophila arizonae
invertebrate.txt	Drosophila guanche
invertebrate.txt	Drosophila serrata
invertebrate.txt	Drosophila obscura
invertebrate.txt	Drosophila albomicans
invertebrate.txt	Haematobia irritans
invertebrate.txt	Musca domestica
invertebrate.txt	Calliphora vicina
invertebrate.txt	Lucilia cuprina
invertebrate.txt	Glossina fuscipes
invertebrate.txt	Nasonia vitripennis
invertebrate.txt	Vespa crabro
invertebrate.txt	Vespa mandarinia
invertebrate.txt	Vespula vulgaris
invertebrate.txt	Apis mellifera
invertebrate.txt	Apis cerana
invertebrate.txt	Apis dorsata
invertebrate.txt	Apis florea
invertebrate.txt	Trichogramma pretiosum
invertebrate.txt	Ctenocephalides felis
invertebrate.txt	Leptinotarsa decemlineata
invertebrate.txt	Lingula anatina
invertebrate.txt	Asterias amurensis
invertebrate.txt	Asterias rubens
invertebrate.txt	Lytechinus pictus
invertebrate.txt	Lytechinus variegatus
invertebrate.txt	Strongylocentrotus purpuratus
invertebrate.txt	Ciona intestinalis
invertebrate.txt	Styela clava
invertebrate.txt	Branchiostoma floridae
invertebrate.txt	Branchiostoma lanceolatum
invertebrate.txt	Branchiostoma belcheri
invertebrate.txt	Saccoglossus kowalevskii
invertebrate.txt	Trichoplax adhaerens
invertebrate.txt	Atta cephalotes
invertebrate.txt	Danaus plexippus
invertebrate.txt	Hydractinia symbiolongicarpus
invertebrate.txt	Myzus persicae
invertebrate.txt	Pectinophora gossypiella
invertebrate.txt	Rhodnius prolixus
invertebrate.txt	Lucilia sericata
invertebrate.txt	Solenopsis invicta
invertebrate.txt	Penaeus japonicus
invertebrate.txt	Cherax quadricarinatus
invertebrate.txt	Musca vetustissima
invertebrate.txt	Bactrocera dorsalis
invertebrate.txt	Sycon ciliatum
invertebrate.txt	Drosophila suzukii
invertebrate.txt	Anastrepha ludens
invertebrate.txt	Zeugodacus cucurbitae
invertebrate.txt	Rhagoletis pomonella
invertebrate.txt	Rhagoletis zephyria
invertebrate.txt	Drosophila eugracilis
invertebrate.txt	Drosophila takahashii
invertebrate.txt	Phlebotomus papatasi
invertebrate.txt	Copidosoma floridanum
invertebrate.txt	Ostrinia nubilalis
invertebrate.txt	Helicoverpa armigera
invertebrate.txt	Mytilus galloprovincialis
invertebrate.txt	Magallana gigas
invertebrate.txt	Penaeus indicus
invertebrate.txt	Drosophila busckii
invertebrate.txt	Drosophila elegans
invertebrate.txt	Drosophila ficusphila
invertebrate.txt	Drosophila kikkawai
invertebrate.txt	Anopheles merus
invertebrate.txt	Anopheles stephensi
invertebrate.txt	Bombus terrestris
invertebrate.txt	Polistes fuscatus
invertebrate.txt	Vespula pensylvanica
invertebrate.txt	Diadema setosum
invertebrate.txt	Argopecten irradians
invertebrate.txt	Littorina saxatilis
invertebrate.txt	Caenorhabditis remanei
invertebrate.txt	Venturia canescens
invertebrate.txt	Tetranychus urticae
invertebrate.txt	Cotesia glomerata
invertebrate.txt	Zerene cesonia
invertebrate.txt	Strongyloides ratti
invertebrate.txt	Ornithodoros turicata
invertebrate.txt	Dermacentor andersoni
invertebrate.txt	Dermacentor variabilis
invertebrate.txt	Rhipicephalus sanguineus
invertebrate.txt	Galendromus occidentalis
invertebrate.txt	Trachymyrmex septentrionalis
invertebrate.txt	Daphnia pulicaria
invertebrate.txt	Daphnia magna
invertebrate.txt	Stomoxys calcitrans
invertebrate.txt	Haliotis rubra
invertebrate.txt	Saccostrea cuccullata
invertebrate.txt	Athalia rosae
invertebrate.txt	Priapulus caudatus
invertebrate.txt	Ostrea edulis
invertebrate.txt	Octopus bimaculoides
invertebrate.txt	Bradysia coprophila
invertebrate.txt	Drosophila montana
invertebrate.txt	Rhopalosiphum padi
invertebrate.txt	Pollicipes pollicipes
invertebrate.txt	Coccinella septempunctata
invertebrate.txt	Tribolium madens
invertebrate.txt	Drosophila bipectinata
invertebrate.txt	Drosophila nasuta
invertebrate.txt	Vanessa atalanta
invertebrate.txt	Battus philenor
invertebrate.txt	Culex pipiens pallens
invertebrate.txt	Anopheles aquasalis
invertebrate.txt	Rhopalosiphum maidis
invertebrate.txt	Anopheles darlingi
invertebrate.txt	Metopolophium dirhodum
invertebrate.txt	Acropora millepora
invertebrate.txt	Nematostella vectensis
invertebrate.txt	Dreissena polymorpha
invertebrate.txt	Patiria miniata
invertebrate.txt	Pocillopora damicornis
invertebrate.txt	Drosophila tropicalis
invertebrate.txt	Drosophila novamexicana
invertebrate.txt	Orbicella faveolata
invertebrate.txt	Panonychus citri
invertebrate.txt	Diabrotica undecimpunctata
invertebrate.txt	Diabrotica virgifera virgifera
invertebrate.txt	Stylophora pistillata
invertebrate.txt	Necator americanus
invertebrate.txt	Porites lutea
invertebrate.txt	Plutella xylostella
invertebrate.txt	Sabethes cyaneus
invertebrate.txt	Daktulosphaira vitifoliae
invertebrate.txt	Diachasmimorpha longicaudata
invertebrate.txt	Plodia interpunctella
invertebrate.txt	Bactrocera tryoni
invertebrate.txt	Dermacentor albipictus
invertebrate.txt	Hetaerina americana
invertebrate.txt	Anopheles funestus
invertebrate.txt	Varroa jacobsoni
invertebrate.txt	Ptychodera flava
invertebrate.txt	Leptopilina boulardi
invertebrate.txt	Leptopilina heterotoma
invertebrate.txt	Pieris rapae
invertebrate.txt	Mycetomoellerius zeteki
invertebrate.txt	Wasmannia auropunctata
invertebrate.txt	Fopius arisanus
invertebrate.txt	Bombus pascuorum
invertebrate.txt	Papilio xuthus
invertebrate.txt	Anopheles cruzii
invertebrate.txt	Microplitis demolitor
invertebrate.txt	Spodoptera litura
invertebrate.txt	Acropora digitifera
invertebrate.txt	Lepeophtheirus salmonis
invertebrate.txt	Colias croceus
invertebrate.txt	Formica exsecta
invertebrate.txt	Macrosteles quadrilineatus
invertebrate.txt	Papilio machaon
invertebrate.txt	Papilio polytes
invertebrate.txt	Dendroctonus ponderosae
invertebrate.txt	Halictus rubicundus
invertebrate.txt	Pieris napi
invertebrate.txt	Macrobrachium rosenbergii
invertebrate.txt	Cimex lectularius
invertebrate.txt	Aphis gossypii
invertebrate.txt	Amphiura filiformis
invertebrate.txt	Cydia pomonella
invertebrate.txt	Linepithema humile
invertebrate.txt	Symsagittifera roscoffensis
invertebrate.txt	Scylla paramamosain
invertebrate.txt	Bombus huntii
invertebrate.txt	Lineus longissimus
invertebrate.txt	Drosophila sulfurigaster albostrigata
invertebrate.txt	Polistes canadensis
invertebrate.txt	Aricia agestis
invertebrate.txt	Bacillus rossius redtenbacheri
invertebrate.txt	Ostrinia furnacalis
invertebrate.txt	Argiope bruennichi
invertebrate.txt	Phlebotomus argentipes
invertebrate.txt	Anastrepha obliqua
invertebrate.txt	Eriocheir sinensis
invertebrate.txt	Bactrocera neohumeralis
invertebrate.txt	Temnothorax nylanderi
invertebrate.txt	Acromyrmex echinatior
invertebrate.txt	Drosophila gunungcola
invertebrate.txt	Bombus bifarius
invertebrate.txt	Bombus flavifrons
invertebrate.txt	Camponotus floridanus
invertebrate.txt	Bactrocera oleae
invertebrate.txt	Diadema antillarum
invertebrate.txt	Cryptotermes secundus
invertebrate.txt	Antedon mediterranea
invertebrate.txt	Phymastichus coffea
invertebrate.txt	Nilaparvata lugens
invertebrate.txt	Haliotis asinina
invertebrate.txt	Varroa destructor
invertebrate.txt	Physella acuta
invertebrate.txt	Nicrophorus vespilloides
invertebrate.txt	Bicyclus anynana
invertebrate.txt	Melitaea cinxia
invertebrate.txt	Chironomus tepperi
invertebrate.txt	Parasteatoda tepidariorum
invertebrate.txt	Megalopta genalis
invertebrate.txt	Harmonia axyridis
invertebrate.txt	Pararge aegeria
invertebrate.txt	Aethina tumida
invertebrate.txt	Centruroides vittatus
invertebrate.txt	Daphnia carinata
invertebrate.txt	Arctopsyche grandis
invertebrate.txt	Pediculus humanus corporis
invertebrate.txt	Corticium candelabrum
invertebrate.txt	Oscarella lobularis
invertebrate.txt	Diaphorina citri
invertebrate.txt	Armigeres subalbatus
invertebrate.txt	Drosophila biarmipes
invertebrate.txt	Drosophila santomea
invertebrate.txt	Anticarsia gemmatalis
invertebrate.txt	Ruditapes philippinarum
invertebrate.txt	Lycorma delicatula
invertebrate.txt	Bombus impatiens
invertebrate.txt	Adelges cooleyi
invertebrate.txt	Acanthaster planci
invertebrate.txt	Frankliniella occidentalis
invertebrate.txt	Zootermopsis nevadensis
invertebrate.txt	Anopheles coustani
invertebrate.txt	Anopheles bellator
invertebrate.txt	Penaeus chinensis
invertebrate.txt	Teleopsis dalmanni
invertebrate.txt	Diuraphis noxia
invertebrate.txt	Sipha flava
invertebrate.txt	Megachile rotundata
invertebrate.txt	Pogonomyrmex barbatus
invertebrate.txt	Panulirus ornatus
invertebrate.txt	Dendronephthya gigantea
invertebrate.txt	Ceratina calcarata
invertebrate.txt	Folsomia candida
invertebrate.txt	Clavelina lepadiformis
invertebrate.txt	Macrobrachium nipponense
invertebrate.txt	Acropora muricata
invertebrate.txt	Thrips palmi
invertebrate.txt	Onthophagus taurus
invertebrate.txt	Planococcus citri
invertebrate.txt	Nymphalis io
invertebrate.txt	Vanessa cardui
invertebrate.txt	Wyeomyia smithii
invertebrate.txt	Bactrocera latifrons
invertebrate.txt	Dufourea novaeangliae
invertebrate.txt	Eurosta solidaginis
invertebrate.txt	Apis laboriosa
invertebrate.txt	Anopheles nili
invertebrate.txt	Anopheles moucheti
invertebrate.txt	Chrysoperla carnea
invertebrate.txt	Leptidea sinapis
invertebrate.txt	Uranotaenia lowii
invertebrate.txt	Saccostrea echinata
invertebrate.txt	Maniola jurtina
invertebrate.txt	Dysidea avara
invertebrate.txt	Homalodisca vitripennis
invertebrate.txt	Cloeon dipterum
invertebrate.txt	Ischnura elegans
invertebrate.txt	Cylas formicarius
invertebrate.txt	Drosophila innubila
invertebrate.txt	Stegodyphus dumicola
invertebrate.txt	Vespa velutina
invertebrate.txt	Bombus fervidus
invertebrate.txt	Pocillopora verrucosa
invertebrate.txt	Bombus vosnesenskii
invertebrate.txt	Portunus trituberculatus
invertebrate.txt	Cephus cinctus
invertebrate.txt	Anoplophora glabripennis
invertebrate.txt	Centruroides sculpturatus
invertebrate.txt	Pseudomyrmex gracilis
invertebrate.txt	Musca autumnalis
invertebrate.txt	Orussus abietinus
invertebrate.txt	Agrilus planipennis
invertebrate.txt	Lottia gigantea
invertebrate.txt	Montipora capricornis
invertebrate.txt	Brevipalpus obovatus
invertebrate.txt	Clytia hemisphaerica
invertebrate.txt	Sitodiplosis mosellana
invertebrate.txt	Contarinia nasturtii
invertebrate.txt	Schistocerca piceifrons
invertebrate.txt	Schistocerca cancellata
invertebrate.txt	Cardiocondyla obscurior
invertebrate.txt	Episyrphus balteatus
invertebrate.txt	Halyomorpha halys
invertebrate.txt	Eupeodes corollae
invertebrate.txt	Hyalella azteca
invertebrate.txt	Temnothorax curvispinosus
invertebrate.txt	Temnothorax longispinosus
invertebrate.txt	Babylonia areolata
invertebrate.txt	Monomorium pharaonis
invertebrate.txt	Apostichopus japonicus
invertebrate.txt	Bombus affinis
invertebrate.txt	Hylaeus anthracinus
invertebrate.txt	Hylaeus volcanicus
invertebrate.txt	Anabrus simplex
invertebrate.txt	Malaya genurostris
invertebrate.txt	Ceratosolen solmsi marchali
invertebrate.txt	Uloborus diversus
invertebrate.txt	Toxorhynchites rutilus septentrionalis
invertebrate.txt	Vanessa tameamea
invertebrate.txt	Calliopsis andreniformis
invertebrate.txt	Oratosquilla oratoria
invertebrate.txt	Hermetia illucens
invertebrate.txt	Anopheles ziemanni
invertebrate.txt	Anoplolepis gracilipes
invertebrate.txt	Rhynchophorus ferrugineus
invertebrate.txt	Diprion similis
invertebrate.txt	Microplitis mediator
invertebrate.txt	Palaemon carinicauda
invertebrate.txt	Bombus pyrosoma
invertebrate.txt	Amphimedon queenslandica
invertebrate.txt	Pomacea canaliculata
invertebrate.txt	Vollenhovia emeryi
invertebrate.txt	Monosiga brevicollis MX1
invertebrate.txt	Lasioglossum baleicum
invertebrate.txt	Neodiprion lecontei
invertebrate.txt	Neodiprion pinetum
invertebrate.txt	Diachasma alloeum
invertebrate.txt	Cyphomyrmex costatus
invertebrate.txt	Chelonus insularis
invertebrate.txt	Culicoides brevitarsis
invertebrate.txt	Trachymyrmex cornetzi
invertebrate.txt	Osmia lignaria
invertebrate.txt	Odontomachus brunneus
invertebrate.txt	Rhopilema esculentum
invertebrate.txt	Ylistrum balloti
invertebrate.txt	Eufriesea mexicana
invertebrate.txt	Atta colombica
invertebrate.txt	Epargyreus clarus
invertebrate.txt	Convolutriloba macropyga
invertebrate.txt	Dermacentor silvarum
invertebrate.txt	Frieseomelitta varia
invertebrate.txt	Montipora foliosa
invertebrate.txt	Capsaspora owczarzaki ATCC 30864
invertebrate.txt	Habropoda laboriosa
invertebrate.txt	Dinoponera quadriceps
invertebrate.txt	Harpegnathos saltator
invertebrate.txt	Nylanderia fulva
invertebrate.txt	Polyergus mexicanus
invertebrate.txt	Ochlerotatus camptorhynchus
invertebrate.txt	Sphaeroforma arctica JP610
invertebrate.txt	Tubulanus polymorphus
invertebrate.txt	Amyelois transitella
invertebrate.txt	Aphidius gifuensis
invertebrate.txt	Achroia grisella
invertebrate.txt	Fonticula alba
invertebrate.txt	Melanaphis sacchari
invertebrate.txt	Polistes dominula
invertebrate.txt	Prorops nasuta
invertebrate.txt	Dalotia coriaria
invertebrate.txt	Colletes gigas
invertebrate.txt	Salpingoeca rosetta
invertebrate.txt	Euwallacea fornicatus
invertebrate.txt	Leguminivora glycinivorella
invertebrate.txt	Drosophila rhopaloa
invertebrate.txt	Cataglyphis hispanica
invertebrate.txt	Cydia splendana
invertebrate.txt	Cydia strobilella
invertebrate.txt	Diorhabda carinulata
invertebrate.txt	Diorhabda sublineata
invertebrate.txt	Amphibalanus amphitrite
invertebrate.txt	Eurytemora carolleeae
invertebrate.txt	Osmia bicornis bicornis
invertebrate.txt	Osmia lignaria lignaria
invertebrate.txt	Cydia fagiglandana
invertebrate.txt	Hyposmocoma kahamanoa
invertebrate.txt	Drosophila subpulchrella
invertebrate.txt	Anopheles maculipalpis
invertebrate.txt	Anopheles coluzzii
invertebrate.txt	Anopheles marshallii
invertebrate.txt	Anneissia japonica
invertebrate.txt	Oppia nitens
invertebrate.txt	Gigantopelta aegis
invertebrate.txt	Euwallacea similis
invertebrate.txt	Xylocopa sonorina
invertebrate.txt	Cydia amplana
invertebrate.txt	Temnothorax americanus
invertebrate.txt	Ooceraea biroi
invertebrate.txt	Schistocerca serialis cubense
invertebrate.txt	Cotesia typhae
invertebrate.txt	Neocloeon triangulifer
invertebrate.txt	Nomia melanderi
invertebrate.txt	Topomyia yanbarensis
invertebrate.txt	Condylostylus longicornis
invertebrate.txt	Watersipora subatra
invertebrate.txt	Colletes latitarsis
invertebrate.txt	Octopus sinensis
invertebrate.txt	Exaiptasia diaphana
invertebrate.txt	Bombus vancouverensis nearcticus
invertebrate.txt	Bombus vancouverensis nearcticus
invertebrate.txt	Zophobas morio
invertebrate.txt	Magallana angulata
invertebrate.txt	Maniola hyperantus
invertebrate.txt	Belonocnema kinseyi
invertebrate.txt	Andrena cerasifolii
invertebrate.txt	Bolinopsis microptera
invertebrate.txt	Neodiprion fabricii
invertebrate.txt	Xenia sp. Carnegie-2017
invertebrate.txt	Anthonomus grandis grandis
invertebrate.txt	Paramacrobiotus metropolitanus
invertebrate.txt	Neodiprion virginianus
invertebrate.txt	Gordionus sp. m RMFG-2023
invertebrate.txt	Liolophura sinensis
invertebrate.txt	Ptiloglossa arizonensis
